datetime,sensex_spot,rolled_atm_strike,atm_ce_close,atm_ce_iv,atm_ce_delta,atm_ce_volume,atm_pe_close,atm_pe_iv,atm_pe_delta,atm_pe_volume,atm_straddle_cost,atm_straddle_iv,net_delta_imbalance,signed_flow_proxy
2026-09-02 09:35:00,76295.17,76300.0,1098.45,14.71,0.5045,20,582.1,7.75,-0.4955,20,1680.55,11.23,0.009,20.0
2026-09-02 09:40:00,76341.45,76300.0,1098.45,14.4,0.5111,0,582.1,8.05,-0.4831,0,1680.55,11.23,0.028,0.0
2026-09-02 09:45:00,76320.71,76300.0,1098.45,14.54,0.5081,0,582.1,7.92,-0.4885,0,1680.55,11.23,0.0196,0.0
2026-09-02 09:50:00,76303.43,76300.0,1127.0,15.04,0.5058,60,582.1,7.8,-0.4932,0,1709.1,11.42,0.0126,58.0
2026-09-02 10:05:00,76344.0,76300.0,1105.55,14.48,0.5115,0,579.15,8.03,-0.4825,140,1684.7,11.26,0.029,20.0
2026-09-02 10:10:00,76344.69,76300.0,1105.55,14.48,0.5116,0,585.0,8.11,-0.4824,40,1690.55,11.3,0.0292,-40.0
2026-09-02 11:00:00,76330.28,76300.0,1170.35,15.45,0.5097,0,575.0,7.89,-0.486,0,1745.35,11.67,0.0237,0.0
2026-09-02 11:05:00,76311.2,76300.0,1140.0,15.18,0.5069,40,575.0,7.77,-0.4911,0,1715.0,11.48,0.0158,-40.0
2026-09-02 11:10:00,76309.2,76300.0,1140.0,15.19,0.5067,0,631.25,8.51,-0.4915,140,1771.25,11.85,0.0152,-140.0
2026-09-02 11:15:00,76320.59,76300.0,1140.0,15.12,0.5082,0,599.8,8.16,-0.4886,200,1739.8,11.64,0.0196,200.0
2026-09-02 11:20:00,76283.88,76300.0,1140.0,15.37,0.5033,0,593.8,7.84,-0.4985,40,1733.8,11.6,0.0048,40.0
2026-09-02 11:25:00,76273.13,76300.0,1140.0,15.44,0.5018,0,593.8,7.77,-0.5015,0,1733.8,11.6,0.0003,0.0
2026-09-02 11:30:00,76259.21,76300.0,1140.0,15.53,0.5,0,593.8,7.68,-0.5054,0,1733.8,11.6,-0.0054,0.0
2026-09-02 11:35:00,76279.37,76300.0,1140.0,15.4,0.5027,0,593.8,7.81,-0.4997,0,1733.8,11.6,0.003,0.0
2026-09-02 11:40:00,76255.85,76300.0,1140.0,15.56,0.4996,0,638.1,8.25,-0.5052,40,1778.1,11.9,-0.0056,-37.0
2026-09-02 11:50:00,76295.86,76300.0,1140.0,15.29,0.5049,0,635.0,8.48,-0.4948,20,1775.0,11.88,0.0101,20.0
2026-09-02 11:55:00,76263.83,76300.0,1140.0,15.51,0.5006,0,635.0,8.26,-0.5032,0,1775.0,11.88,-0.0026,0.0
2026-09-02 12:05:00,76264.69,76300.0,1095.0,14.9,0.5002,0,635.0,8.27,-0.5029,0,1730.0,11.58,-0.0027,0.0
2026-09-02 12:10:00,76340.33,76300.0,1095.0,14.39,0.5109,0,593.0,8.21,-0.4836,140,1688.0,11.3,0.0273,140.0
2026-09-02 12:15:00,76314.41,76300.0,1095.0,14.57,0.5072,0,593.0,8.04,-0.4902,0,1688.0,11.3,0.017,0.0
2026-09-02 12:20:00,76292.43,76300.0,1105.95,14.87,0.5042,80,593.0,7.89,-0.4961,0,1698.95,11.38,0.0081,80.0
2026-09-02 12:25:00,76330.19,76300.0,1105.95,14.61,0.5095,0,593.0,8.14,-0.4861,0,1698.95,11.38,0.0234,0.0
2026-09-02 10:50:00,76381.44,76400.0,1068.1,14.4,0.5023,320,605.0,7.96,-0.499,0,1673.1,11.18,0.0033,-209.0
2026-09-02 10:55:00,76394.71,76400.0,1086.7,14.56,0.5043,80,605.0,8.05,-0.4954,0,1691.7,11.3,0.0089,80.0
2026-09-02 12:30:00,76374.93,76400.0,1025.6,13.89,0.5009,0,610.05,8.0,-0.5007,0,1635.65,10.94,0.0002,0.0
2026-09-02 12:35:00,76377.26,76400.0,1025.6,13.88,0.5013,0,610.05,8.01,-0.5,260,1635.65,10.94,0.0013,0.0
2026-09-02 12:40:00,76417.38,76400.0,1025.6,13.61,0.5073,0,610.05,8.28,-0.4895,0,1635.65,10.94,0.0178,0.0
2026-09-02 12:45:00,76401.8,76400.0,1084.05,14.5,0.5053,560,610.05,8.18,-0.4935,0,1694.1,11.34,0.0118,472.0
2026-09-02 12:50:00,76417.73,76400.0,1104.6,14.67,0.5077,20,610.05,8.28,-0.4894,0,1714.65,11.48,0.0183,20.0
2026-09-02 12:55:00,76427.04,76400.0,1104.6,14.6,0.509,0,609.95,8.34,-0.487,20,1714.55,11.47,0.022,20.0
2026-09-02 13:00:00,76429.72,76400.0,1104.6,14.59,0.5094,0,609.95,8.36,-0.4864,0,1714.55,11.48,0.023,0.0
2026-09-02 13:05:00,76389.99,76400.0,1104.6,14.86,0.5038,0,609.95,8.1,-0.4966,0,1714.55,11.48,0.0072,0.0
2026-09-02 13:10:00,76447.39,76400.0,1104.6,14.47,0.512,0,609.95,8.48,-0.482,0,1714.55,11.48,0.03,0.0
2026-09-02 13:15:00,76438.14,76400.0,1104.6,14.53,0.5106,0,609.95,8.42,-0.4843,0,1714.55,11.48,0.0263,0.0
2026-09-02 13:20:00,76448.69,76400.0,1104.6,14.46,0.5121,0,609.95,8.49,-0.4817,0,1714.55,11.48,0.0304,0.0
2026-09-02 13:25:00,76443.65,76400.0,1110.95,14.58,0.5114,20,609.95,8.45,-0.4829,0,1720.9,11.52,0.0285,20.0
2026-09-02 13:30:00,76444.51,76400.0,1110.95,14.58,0.5115,0,609.95,8.46,-0.4827,0,1720.9,11.52,0.0288,0.0
2026-09-02 13:35:00,76419.79,76400.0,1110.95,14.75,0.508,0,575.0,7.83,-0.4888,20,1685.95,11.29,0.0192,20.0
2026-09-02 13:40:00,76425.19,76400.0,1110.95,14.71,0.5088,0,569.8,7.8,-0.4873,40,1680.75,11.26,0.0215,5.0
2026-09-02 13:45:00,76423.45,76400.0,1099.15,14.57,0.5085,40,569.8,7.79,-0.4878,0,1668.95,11.18,0.0207,-40.0
2026-09-02 13:50:00,76420.27,76400.0,1099.15,14.59,0.508,0,602.8,8.21,-0.4887,120,1701.95,11.4,0.0193,-99.0
2026-09-02 13:55:00,76439.83,76400.0,1099.15,14.46,0.5108,0,602.8,8.34,-0.4838,0,1701.95,11.4,0.027,0.0
2026-09-02 14:55:00,76426.52,76400.0,1099.15,14.56,0.5089,0,550.0,7.55,-0.4868,0,1649.15,11.06,0.0221,0.0
2026-09-02 15:00:00,76381.7,76400.0,1099.15,14.87,0.5026,0,550.0,7.25,-0.4998,0,1649.15,11.06,0.0028,0.0
2026-09-02 15:05:00,76379.58,76400.0,1099.15,14.88,0.5023,0,610.0,8.05,-0.4994,80,1709.15,11.46,0.0029,-80.0
2026-09-02 10:25:00,76478.36,76500.0,1052.35,14.18,0.5017,400,632.95,8.3,-0.4994,20,1685.3,11.24,0.0023,420.0
2026-09-02 10:30:00,76476.61,76500.0,1070.0,14.43,0.5016,440,608.05,7.96,-0.5002,460,1678.05,11.2,0.0014,684.0
2026-09-02 14:00:00,76463.73,76500.0,1048.95,14.28,0.4996,20,598.7,7.77,-0.504,260,1647.65,11.02,-0.0044,228.0
2026-09-02 14:05:00,76517.93,76500.0,1096.0,14.55,0.5077,400,585.0,7.95,-0.4893,600,1681.0,11.25,0.0184,852.0
2026-09-02 14:10:00,76495.56,76500.0,1068.0,14.32,0.5043,280,594.95,7.93,-0.4953,140,1662.95,11.12,0.009,-356.0
2026-09-02 14:15:00,76481.16,76500.0,1065.0,14.38,0.5022,80,605.0,7.97,-0.4991,20,1670.0,11.18,0.0031,-93.0
2026-09-02 14:20:00,76459.2,76500.0,1058.0,14.44,0.499,140,613.1,7.93,-0.505,40,1671.1,11.18,-0.006,-138.0
2026-09-02 14:25:00,76487.7,76500.0,1073.3,14.45,0.5032,100,605.25,8.02,-0.4973,160,1678.55,11.24,0.0059,95.0
2026-09-02 14:30:00,76531.17,76500.0,1114.5,14.71,0.5096,400,575.25,7.91,-0.4858,960,1689.75,11.31,0.0238,911.0
2026-09-02 14:35:00,76521.24,76500.0,1084.0,14.37,0.5081,80,589.8,8.04,-0.4885,540,1673.8,11.2,0.0196,-603.0
2026-09-02 14:40:00,76473.14,76500.0,1051.0,14.25,0.5009,460,612.15,8.02,-0.5011,560,1663.15,11.14,-0.0002,-859.0
2026-09-02 14:45:00,76515.69,76500.0,1075.0,14.29,0.5073,200,596.1,8.09,-0.4899,560,1671.1,11.19,0.0174,435.0
2026-09-02 14:50:00,76463.84,76500.0,1048.4,14.28,0.4996,160,605.7,7.87,-0.5038,80,1654.1,11.08,-0.0042,-225.0
2026-09-02 15:10:00,76470.7,76500.0,1046.35,14.22,0.5005,280,614.0,8.03,-0.5018,320,1660.35,11.12,-0.0013,424.0
2026-09-02 15:15:00,76469.92,76500.0,1037.45,14.1,0.5003,1140,612.35,8.0,-0.502,200,1649.8,11.05,-0.0017,-479.0
2026-09-02 15:20:00,76469.92,76500.0,1037.3,14.1,0.5003,100,600.65,7.85,-0.5023,500,1637.95,10.98,-0.002,391.0
2026-09-03 15:00:00,76514.82,76500.0,1025.0,13.95,0.507,200,560.0,7.78,-0.4902,260,1585.0,10.86,0.0168,-66.0
2026-09-03 15:05:00,76492.95,76500.0,1004.95,13.83,0.5035,380,571.1,7.78,-0.4963,460,1576.05,10.8,0.0072,-510.0
2026-09-04 09:35:00,76549.4,76500.0,1027.6,14.0,0.5125,780,545.5,7.95,-0.4807,580,1573.1,10.98,0.0318,-197.0
2026-09-04 15:25:00,76515.43,76500.0,1026.9,14.32,0.5072,40,481.2,6.87,-0.49,260,1508.1,10.6,0.0172,194.0
2026-09-02 15:25:00,76570.35,76600.0,971.7,13.2,0.4997,260,645.15,8.44,-0.5013,0,1616.85,10.82,-0.0016,44.0
2026-09-03 11:05:00,76640.7,76600.0,1050.0,14.04,0.511,20,532.7,7.54,-0.4828,0,1582.7,10.79,0.0282,-20.0
2026-09-03 11:10:00,76628.0,76600.0,1050.0,14.13,0.5091,0,566.35,7.91,-0.4866,40,1616.35,11.02,0.0225,-40.0
2026-09-03 12:05:00,76639.64,76600.0,1031.4,13.8,0.5108,0,538.75,7.62,-0.4832,0,1570.15,10.71,0.0276,0.0
2026-09-03 12:15:00,76600.3,76600.0,1031.4,14.08,0.5048,0,538.75,7.36,-0.4944,0,1570.15,10.72,0.0104,0.0
2026-09-03 12:20:00,76583.37,76600.0,993.6,13.68,0.502,80,538.75,7.24,-0.4995,0,1532.35,10.46,0.0025,-54.0
2026-09-03 12:25:00,76577.96,76600.0,993.6,13.72,0.5011,0,600.0,8.04,-0.5001,160,1593.6,10.88,0.001,-160.0
2026-09-03 12:30:00,76595.08,76600.0,993.6,13.6,0.5038,0,581.7,7.91,-0.4956,260,1575.3,10.76,0.0082,260.0
2026-09-03 12:35:00,76615.7,76600.0,995.35,13.49,0.507,20,580.0,8.03,-0.49,100,1575.35,10.76,0.017,120.0
2026-09-03 12:40:00,76592.68,76600.0,995.0,13.64,0.5034,40,575.0,7.8,-0.4963,20,1570.0,10.72,0.0071,16.0
2026-09-03 12:45:00,76596.61,76600.0,1005.0,13.75,0.5041,260,575.0,7.83,-0.4952,0,1580.0,10.79,0.0089,105.0
2026-09-03 12:55:00,76638.82,76600.0,1012.15,13.56,0.5107,40,570.0,8.05,-0.4838,60,1582.15,10.8,0.0269,-100.0
2026-09-03 13:00:00,76644.83,76600.0,1022.25,13.66,0.5117,20,570.0,8.09,-0.4822,0,1592.25,10.88,0.0295,20.0
2026-09-03 13:20:00,76600.46,76600.0,1010.0,13.8,0.5047,0,580.2,7.93,-0.4941,60,1590.2,10.86,0.0106,-60.0
2026-09-03 13:25:00,76591.92,76600.0,970.0,13.31,0.5031,240,596.6,8.1,-0.4963,40,1566.6,10.7,0.0068,-280.0
2026-09-03 13:35:00,76602.07,76600.0,1020.0,13.93,0.505,0,578.15,7.92,-0.4937,20,1598.15,10.92,0.0113,-20.0
2026-09-03 13:40:00,76587.82,76600.0,1004.75,13.82,0.5028,60,578.15,7.82,-0.4977,0,1582.9,10.82,0.0051,-60.0
2026-09-03 13:45:00,76602.96,76600.0,953.65,13.02,0.5048,100,596.55,8.18,-0.4934,20,1550.2,10.6,0.0114,-120.0
2026-09-03 13:50:00,76589.39,76600.0,953.65,13.11,0.5026,0,584.0,7.91,-0.4972,220,1537.65,10.51,0.0054,219.0
2026-09-03 13:55:00,76621.9,76600.0,953.65,12.89,0.5079,0,567.0,7.9,-0.4883,80,1520.65,10.4,0.0196,80.0
2026-09-03 14:00:00,76591.64,76600.0,1018.05,13.98,0.5034,40,572.0,7.77,-0.4967,40,1590.05,10.88,0.0067,0.0
2026-09-03 14:05:00,76595.61,76600.0,1000.0,13.71,0.5039,40,572.0,7.79,-0.4956,0,1572.0,10.75,0.0083,-40.0
2026-09-03 14:10:00,76602.32,76600.0,1000.0,13.66,0.5049,0,572.0,7.84,-0.4937,0,1572.0,10.75,0.0112,0.0
2026-09-03 14:15:00,76603.7,76600.0,994.0,13.57,0.5051,40,577.7,7.93,-0.4933,400,1571.7,10.75,0.0118,-416.0
2026-09-03 14:20:00,76595.6,76600.0,994.0,13.63,0.5039,0,577.7,7.87,-0.4955,0,1571.7,10.75,0.0084,0.0
2026-09-03 14:25:00,76649.88,76600.0,994.0,13.25,0.5125,0,577.7,8.24,-0.4811,0,1571.7,10.74,0.0314,0.0
2026-09-03 14:30:00,76622.83,76600.0,994.0,13.44,0.5081,0,555.3,7.75,-0.488,20,1549.3,10.6,0.0201,20.0
2026-09-03 14:35:00,76619.52,76600.0,980.85,13.29,0.5076,240,554.4,7.72,-0.4889,20,1535.25,10.5,0.0187,-187.0
2026-09-03 14:40:00,76584.56,76600.0,990.0,13.65,0.5021,200,565.9,7.64,-0.4988,40,1555.9,10.64,0.0033,113.0
2026-09-03 14:45:00,76593.35,76600.0,1004.4,13.79,0.5036,60,572.9,7.8,-0.4962,200,1577.3,10.8,0.0074,-96.0
2026-09-03 14:50:00,76590.56,76600.0,987.25,13.58,0.503,160,572.45,7.77,-0.497,140,1559.7,10.68,0.006,-152.0
2026-09-03 14:55:00,76558.15,76600.0,957.75,13.4,0.4977,220,572.45,7.55,-0.5064,0,1530.2,10.48,-0.0087,-220.0
2026-09-03 15:10:00,76554.2,76600.0,966.05,13.54,0.4972,60,581.0,7.64,-0.5074,240,1547.05,10.59,-0.0102,164.0
2026-09-03 15:15:00,76554.2,76600.0,962.85,13.5,0.4972,20,590.35,7.77,-0.5071,20,1553.2,10.64,-0.0099,-20.0
2026-09-03 15:20:00,76554.2,76600.0,929.0,13.04,0.4967,180,596.0,7.85,-0.5069,20,1525.0,10.44,-0.0102,-200.0
2026-09-04 09:20:00,76607.02,76600.0,990.0,13.75,0.5057,0,553.25,7.76,-0.4925,120,1543.25,10.76,0.0132,-69.0
2026-09-04 09:25:00,76590.11,76600.0,989.15,13.86,0.503,40,550.0,7.6,-0.4974,280,1539.15,10.73,0.0056,240.0
2026-09-04 09:30:00,76579.42,76600.0,989.15,13.94,0.5014,0,550.0,7.53,-0.5006,0,1539.15,10.74,0.0008,0.0
2026-09-04 09:40:00,76579.21,76600.0,983.85,13.87,0.5013,20,583.25,7.99,-0.5001,280,1567.1,10.93,0.0012,-257.0
2026-09-04 09:45:00,76628.8,76600.0,989.25,13.6,0.5092,240,560.0,8.01,-0.4865,300,1549.25,10.8,0.0227,540.0
2026-09-04 10:10:00,76646.37,76600.0,1010.55,13.77,0.512,0,524.7,7.64,-0.4812,0,1535.25,10.7,0.0308,0.0
2026-09-04 15:00:00,76632.87,76600.0,984.8,13.58,0.5098,0,524.0,7.57,-0.485,20,1508.8,10.58,0.0248,20.0
2026-09-04 15:10:00,76647.91,76600.0,983.65,13.46,0.5123,20,524.0,7.68,-0.4808,0,1507.65,10.57,0.0315,-20.0
2026-09-04 15:15:00,76645.88,76600.0,975.7,13.36,0.512,40,524.0,7.66,-0.4813,20,1499.7,10.51,0.0307,-40.0
2026-09-04 15:20:00,76645.88,76600.0,930.55,12.73,0.5121,60,521.95,7.64,-0.4813,200,1452.5,10.18,0.0308,140.0
2026-09-01 14:05:00,76667.66,76700.0,1074.4,14.24,0.5003,0,457.85,5.77,-0.5066,0,1532.25,10.0,-0.0063,0.0
2026-09-01 14:10:00,76698.95,76700.0,1074.4,14.04,0.5047,0,457.85,5.97,-0.4953,0,1532.25,10.0,0.0094,0.0
2026-09-01 14:15:00,76691.17,76700.0,1070.0,14.03,0.5036,20,457.85,5.92,-0.498,0,1527.85,9.98,0.0056,-20.0
2026-09-01 14:20:00,76672.63,76700.0,1065.0,14.09,0.5009,440,457.85,5.8,-0.5047,0,1522.85,9.94,-0.0038,-440.0
2026-09-01 14:25:00,76740.25,76700.0,1065.0,13.64,0.5108,0,457.85,6.24,-0.4815,0,1522.85,9.94,0.0293,0.0
2026-09-01 14:30:00,76748.21,76700.0,1065.0,13.59,0.512,0,457.85,6.29,-0.4789,0,1522.85,9.94,0.0331,0.0
2026-09-01 14:35:00,76707.71,76700.0,1076.1,14.01,0.506,160,457.85,6.03,-0.4922,0,1533.95,10.02,0.0138,27.0
2026-09-01 14:40:00,76693.31,76700.0,1093.45,14.33,0.5041,20,457.85,5.94,-0.4972,0,1551.3,10.14,0.0069,20.0
2026-09-01 14:45:00,76700.2,76700.0,1093.45,14.29,0.505,0,457.85,5.98,-0.4948,0,1551.3,10.14,0.0102,0.0
2026-09-01 14:50:00,76743.7,76700.0,1093.45,14.0,0.5113,0,457.85,6.26,-0.4804,0,1551.3,10.13,0.0309,0.0
2026-09-01 15:00:00,76728.67,76700.0,1049.45,13.53,0.509,60,457.85,6.17,-0.4852,0,1507.3,9.85,0.0238,-60.0
2026-09-01 15:05:00,76711.67,76700.0,1075.35,13.98,0.5066,80,457.85,6.06,-0.4909,0,1533.2,10.02,0.0157,40.0
2026-09-01 15:10:00,76718.68,76700.0,1042.0,13.5,0.5075,40,457.85,6.1,-0.4885,0,1499.85,9.8,0.019,-40.0
2026-09-01 15:15:00,76725.18,76700.0,1069.3,13.81,0.5085,140,457.85,6.15,-0.4864,0,1527.15,9.98,0.0221,140.0
2026-09-01 15:20:00,76725.18,76700.0,1070.0,13.82,0.5085,20,457.85,6.15,-0.4864,0,1527.85,9.98,0.0221,20.0
2026-09-03 10:50:00,76722.83,76700.0,996.05,13.4,0.5081,160,592.3,8.22,-0.4881,20,1588.35,10.81,0.02,-160.0
2026-09-03 10:55:00,76748.47,76700.0,1007.45,13.38,0.5122,220,552.05,7.84,-0.481,120,1559.5,10.61,0.0312,230.0
2026-09-03 11:00:00,76721.46,76700.0,990.05,13.33,0.5079,60,562.0,7.8,-0.4884,80,1552.05,10.56,0.0195,-119.0
2026-09-03 11:15:00,76713.13,76700.0,955.0,12.92,0.5064,20,576.0,7.93,-0.4907,40,1531.0,10.42,0.0157,40.0
2026-09-03 11:20:00,76712.09,76700.0,955.0,12.93,0.5062,0,573.0,7.89,-0.491,120,1528.0,10.41,0.0152,120.0
2026-09-03 11:25:00,76745.69,76700.0,1001.4,13.33,0.5118,20,573.0,8.11,-0.4821,0,1574.4,10.72,0.0297,20.0
2026-09-03 11:50:00,76749.18,76700.0,988.05,13.13,0.5124,120,550.0,7.82,-0.4808,0,1538.05,10.48,0.0316,-120.0
2026-09-03 11:55:00,76747.17,76700.0,986.1,13.11,0.5121,40,550.0,7.81,-0.4813,0,1536.1,10.46,0.0308,-40.0
2026-09-03 12:00:00,76657.88,76700.0,986.1,13.73,0.498,0,604.75,7.96,-0.5056,80,1590.85,10.84,-0.0076,-80.0
2026-09-03 12:10:00,76677.54,76700.0,948.4,13.08,0.5006,340,578.0,7.73,-0.5006,20,1526.4,10.4,0.0,-73.0
2026-09-03 12:50:00,76654.34,76700.0,964.0,13.46,0.4972,60,600.0,7.87,-0.5068,20,1564.0,10.66,-0.0096,49.0
2026-09-03 13:05:00,76655.47,76700.0,947.95,13.24,0.4971,0,606.0,7.96,-0.5063,40,1553.95,10.6,-0.0092,-40.0
2026-09-03 13:10:00,76661.07,76700.0,947.95,13.2,0.498,0,600.0,7.92,-0.5049,20,1547.95,10.56,-0.0069,20.0
2026-09-03 13:15:00,76661.38,76700.0,947.95,13.2,0.4981,0,600.0,7.93,-0.5048,0,1547.95,10.56,-0.0067,0.0
2026-09-03 13:30:00,76671.69,76700.0,955.4,13.24,0.4998,120,600.0,8.0,-0.5019,0,1555.4,10.62,-0.0021,120.0
2026-09-04 09:15:00,76660.97,76700.0,940.0,13.36,0.498,20,573.95,7.72,-0.5056,100,1513.95,10.54,-0.0076,69.0
2026-09-04 09:50:00,76697.61,76700.0,935.3,13.05,0.5038,340,560.55,7.79,-0.4952,440,1495.85,10.42,0.0086,596.0
2026-09-04 09:55:00,76688.9,76700.0,942.05,13.2,0.5025,160,559.85,7.72,-0.4977,340,1501.9,10.46,0.0048,79.0
2026-09-04 10:00:00,76728.49,76700.0,981.0,13.47,0.5091,60,567.5,8.1,-0.4866,280,1548.5,10.78,0.0225,-111.0
2026-09-04 10:05:00,76678.11,76700.0,942.85,13.29,0.5007,60,572.4,7.82,-0.5006,320,1515.25,10.56,0.0001,-143.0
2026-09-04 10:15:00,76663.77,76700.0,942.85,13.39,0.4984,0,584.25,7.89,-0.5046,40,1527.1,10.64,-0.0062,40.0
2026-09-04 10:20:00,76688.45,76700.0,938.3,13.16,0.5024,40,570.6,7.87,-0.4977,180,1508.9,10.52,0.0047,169.0
2026-09-04 10:25:00,76718.57,76700.0,938.3,12.95,0.5073,0,570.6,8.08,-0.4893,0,1508.9,10.52,0.018,0.0
2026-09-04 10:30:00,76723.69,76700.0,991.25,13.65,0.5083,40,542.8,7.73,-0.4878,380,1534.05,10.69,0.0205,123.0
2026-09-04 10:35:00,76724.8,76700.0,991.25,13.65,0.5085,0,562.0,8.01,-0.4876,180,1553.25,10.83,0.0209,-180.0
2026-09-04 10:40:00,76706.33,76700.0,971.2,13.5,0.5055,20,555.25,7.79,-0.4927,120,1526.45,10.64,0.0128,50.0
2026-09-04 10:45:00,76713.15,76700.0,971.2,13.45,0.5066,0,554.3,7.82,-0.4908,20,1525.5,10.64,0.0158,20.0
2026-09-04 10:50:00,76726.08,76700.0,987.85,13.59,0.5087,60,555.25,7.92,-0.4872,20,1543.1,10.76,0.0215,40.0
2026-09-04 11:00:00,76747.39,76700.0,988.5,13.45,0.5122,100,540.25,7.86,-0.4812,40,1528.75,10.66,0.031,128.0
2026-09-04 11:10:00,76748.31,76700.0,988.5,13.45,0.5123,0,540.0,7.86,-0.4809,0,1528.5,10.66,0.0314,0.0
2026-09-04 12:00:00,76741.53,76700.0,981.35,13.41,0.5112,160,546.0,7.91,-0.4829,20,1527.35,10.66,0.0283,-180.0
2026-09-04 12:10:00,76727.46,76700.0,956.65,13.17,0.5089,60,546.0,7.81,-0.4867,0,1502.65,10.49,0.0222,-60.0
2026-09-04 12:15:00,76717.87,76700.0,955.1,13.21,0.5073,20,571.6,8.11,-0.4895,20,1526.7,10.66,0.0178,-20.0
2026-09-04 12:20:00,76706.96,76700.0,955.1,13.29,0.5055,0,571.6,8.03,-0.4925,0,1526.7,10.66,0.013,0.0
2026-09-04 12:25:00,76725.77,76700.0,929.1,12.8,0.5086,40,563.1,8.04,-0.4873,60,1492.2,10.42,0.0213,43.0
2026-09-04 12:30:00,76715.82,76700.0,929.1,12.87,0.5069,0,563.1,7.98,-0.49,0,1492.2,10.42,0.0169,0.0
2026-09-04 12:35:00,76700.22,76700.0,929.1,12.98,0.5042,0,571.2,7.98,-0.4944,40,1500.3,10.48,0.0098,-40.0
2026-09-04 12:40:00,76682.64,76700.0,929.1,13.1,0.5013,0,571.2,7.86,-0.4994,0,1500.3,10.48,0.0019,0.0
2026-09-04 12:45:00,76691.04,76700.0,929.1,13.05,0.5027,0,563.1,7.81,-0.497,60,1492.2,10.43,0.0057,26.0
2026-09-04 12:50:00,76699.91,76700.0,940.0,13.14,0.5043,200,564.2,7.88,-0.4945,20,1504.2,10.51,0.0098,109.0
2026-09-04 12:55:00,76665.43,76700.0,910.0,12.96,0.4983,60,564.2,7.64,-0.5046,0,1474.2,10.3,-0.0063,-60.0
2026-09-04 13:00:00,76667.67,76700.0,930.7,13.24,0.4989,40,564.2,7.66,-0.5039,0,1494.9,10.45,-0.005,40.0
2026-09-04 13:05:00,76693.54,76700.0,930.7,13.06,0.5031,0,564.2,7.84,-0.4963,0,1494.9,10.45,0.0068,0.0
2026-09-04 13:10:00,76699.21,76700.0,955.65,13.37,0.5042,100,554.6,7.75,-0.4948,60,1510.25,10.56,0.0094,129.0
2026-09-04 13:15:00,76716.78,76700.0,955.65,13.24,0.5071,0,554.6,7.87,-0.4898,0,1510.25,10.56,0.0173,0.0
2026-09-04 13:20:00,76721.27,76700.0,955.65,13.21,0.5079,0,554.6,7.9,-0.4885,0,1510.25,10.56,0.0194,0.0
2026-09-04 13:25:00,76674.82,76700.0,933.35,13.23,0.5001,20,554.6,7.58,-0.502,0,1487.95,10.4,-0.0019,-20.0
2026-09-04 13:30:00,76659.64,76700.0,920.0,13.15,0.4975,20,554.6,7.47,-0.5066,0,1474.6,10.31,-0.0091,-20.0
2026-09-04 13:35:00,76684.43,76700.0,920.95,12.99,0.5016,40,554.6,7.65,-0.4991,0,1475.55,10.32,0.0025,40.0
2026-09-04 13:40:00,76694.0,76700.0,914.05,12.83,0.5031,40,554.6,7.72,-0.4963,0,1468.65,10.28,0.0068,-40.0
2026-09-04 13:45:00,76707.4,76700.0,953.0,13.28,0.5056,60,556.2,7.83,-0.4924,160,1509.2,10.56,0.0132,29.0
2026-09-04 13:50:00,76684.9,76700.0,946.3,13.34,0.5019,100,565.3,7.8,-0.4988,140,1511.6,10.57,0.0031,-240.0
2026-09-04 13:55:00,76672.41,76700.0,946.3,13.43,0.4999,0,565.3,7.72,-0.5025,0,1511.6,10.58,-0.0026,0.0
2026-09-04 14:00:00,76683.83,76700.0,914.95,12.92,0.5014,100,558.15,7.7,-0.4992,20,1473.1,10.31,0.0022,-80.0
2026-09-04 14:05:00,76683.07,76700.0,941.9,13.3,0.5015,40,558.15,7.69,-0.4994,0,1500.05,10.5,0.0021,40.0
2026-09-04 14:10:00,76701.08,76700.0,941.9,13.17,0.5045,0,549.25,7.69,-0.4943,60,1491.15,10.43,0.0102,60.0
2026-09-04 14:15:00,76692.51,76700.0,941.9,13.24,0.5031,0,549.25,7.63,-0.4968,0,1491.15,10.44,0.0063,0.0
2026-09-04 14:20:00,76697.4,76700.0,932.75,13.07,0.5038,240,549.25,7.67,-0.4953,80,1482.0,10.37,0.0085,-116.0
2026-09-04 14:25:00,76726.37,76700.0,944.65,13.04,0.5087,240,535.55,7.68,-0.487,20,1480.2,10.36,0.0217,99.0
2026-09-04 14:30:00,76727.41,76700.0,955.85,13.19,0.5089,160,535.55,7.69,-0.4867,0,1491.4,10.44,0.0222,160.0
2026-09-04 14:35:00,76665.06,76700.0,928.9,13.25,0.4985,20,533.85,7.23,-0.5055,20,1462.75,10.24,-0.007,0.0
2026-09-04 14:40:00,76659.95,76700.0,928.9,13.29,0.4977,20,550.0,7.42,-0.5066,20,1478.9,10.36,-0.0089,-20.0
2026-09-04 14:45:00,76656.56,76700.0,905.7,12.99,0.4968,40,562.85,7.58,-0.5073,100,1468.55,10.28,-0.0105,-126.0
2026-09-04 14:50:00,76657.53,76700.0,905.7,12.98,0.497,40,562.85,7.58,-0.507,0,1468.55,10.28,-0.01,0.0
2026-09-04 14:55:00,76650.55,76700.0,905.7,13.03,0.4958,0,562.85,7.53,-0.5092,0,1468.55,10.28,-0.0134,0.0
2026-09-04 15:05:00,76654.64,76700.0,908.25,13.04,0.4965,20,560.0,7.53,-0.508,40,1468.25,10.28,-0.0115,20.0
2026-08-31 10:10:00,76841.1,76800.0,1168.3,14.6,0.5109,40,560.0,7.38,-0.4828,0,1728.3,10.99,0.0281,-40.0
2026-08-31 10:15:00,76816.56,76800.0,1160.05,14.66,0.5075,40,550.1,7.11,-0.4895,120,1710.15,10.88,0.018,8.0
2026-08-31 10:20:00,76798.73,76800.0,1160.05,14.77,0.5051,0,575.55,7.32,-0.4944,780,1735.6,11.04,0.0107,-352.0
2026-08-31 10:30:00,76795.43,76800.0,1165.0,14.86,0.5047,60,550.05,6.97,-0.4955,0,1715.05,10.92,0.0092,59.0
2026-08-31 10:35:00,76775.63,76800.0,1165.0,14.99,0.5022,80,565.9,7.05,-0.5011,20,1730.9,11.02,0.0011,-20.0
2026-08-31 10:40:00,76799.67,76800.0,1165.0,14.84,0.5053,20,565.9,7.2,-0.4942,0,1730.9,11.02,0.0111,0.0
2026-08-31 10:45:00,76783.66,76800.0,1176.65,15.09,0.5033,20,571.55,7.17,-0.4987,20,1748.2,11.13,0.0046,0.0
2026-08-31 10:50:00,76788.85,76800.0,1176.65,15.06,0.504,0,571.55,7.21,-0.4972,0,1748.2,11.14,0.0068,0.0
2026-08-31 10:55:00,76809.1,76800.0,1175.0,14.91,0.5066,60,556.5,7.14,-0.4916,120,1731.5,11.02,0.015,34.0
2026-08-31 11:00:00,76815.02,76800.0,1172.5,14.84,0.5074,100,556.5,7.18,-0.4899,0,1729.0,11.01,0.0175,-7.0
2026-08-31 11:05:00,76778.25,76800.0,1172.5,15.07,0.5026,40,570.45,7.13,-0.5003,40,1742.95,11.1,0.0023,-40.0
2026-08-31 11:10:00,76789.55,76800.0,1170.0,14.97,0.504,60,561.05,7.08,-0.4971,20,1731.05,11.02,0.0069,-40.0
2026-08-31 11:15:00,76799.07,76800.0,1175.0,14.97,0.5053,40,561.05,7.14,-0.4944,0,1736.05,11.06,0.0109,0.0
2026-08-31 11:20:00,76790.68,76800.0,1183.35,15.14,0.5043,60,561.05,7.09,-0.4968,0,1744.4,11.12,0.0075,22.0
2026-08-31 11:25:00,76815.86,76800.0,1174.05,14.86,0.5075,20,561.05,7.25,-0.4897,0,1735.1,11.06,0.0178,-20.0
2026-08-31 11:30:00,76843.03,76800.0,1174.05,14.68,0.5112,0,561.05,7.42,-0.4823,0,1735.1,11.05,0.0289,0.0
2026-08-31 11:35:00,76842.4,76800.0,1174.05,14.69,0.5111,0,550.0,7.27,-0.4823,200,1724.05,10.98,0.0288,200.0
2026-08-31 14:20:00,76829.64,76800.0,1263.25,15.94,0.5097,0,518.95,6.81,-0.4855,100,1782.2,11.38,0.0242,-68.0
2026-08-31 14:25:00,76821.21,76800.0,1263.25,16.0,0.5086,40,520.0,6.78,-0.488,80,1783.25,11.39,0.0206,-36.0
2026-09-01 09:40:00,76831.38,76800.0,1141.4,14.62,0.5096,0,551.6,7.36,-0.4854,280,1693.0,10.99,0.0242,-257.0
2026-09-01 09:45:00,76805.71,76800.0,1141.4,14.79,0.5061,0,553.45,7.23,-0.4926,160,1694.85,11.01,0.0135,-160.0
2026-09-01 09:50:00,76807.91,76800.0,1110.0,14.37,0.5062,40,556.5,7.28,-0.492,40,1666.5,10.82,0.0142,-80.0
2026-09-01 09:55:00,76800.79,76800.0,1110.0,14.42,0.5052,0,567.8,7.38,-0.4939,40,1677.8,10.9,0.0113,-40.0
2026-09-01 10:00:00,76848.76,76800.0,1131.0,14.37,0.512,40,559.7,7.58,-0.4809,80,1690.7,10.98,0.0311,70.0
2026-09-01 13:50:00,76785.76,76800.0,1042.7,13.69,0.5026,300,495.7,6.37,-0.4993,0,1538.4,10.03,0.0033,-299.0
2026-09-01 13:55:00,76810.92,76800.0,1042.7,13.52,0.5063,0,495.7,6.53,-0.4912,0,1538.4,10.02,0.0151,0.0
2026-09-01 14:00:00,76756.81,76800.0,1045.9,13.92,0.4984,60,604.8,7.6,-0.5058,200,1650.7,10.76,-0.0074,-191.0
2026-09-01 14:55:00,76751.75,76800.0,984.9,13.17,0.4969,0,596.4,7.47,-0.5075,20,1581.3,10.32,-0.0106,20.0
2026-09-03 10:10:00,76805.79,76800.0,1007.5,13.65,0.5055,0,526.4,7.19,-0.4929,0,1533.9,10.42,0.0126,0.0
2026-09-03 10:15:00,76847.41,76800.0,1007.5,13.36,0.5121,0,526.4,7.47,-0.4808,0,1533.9,10.42,0.0313,0.0
2026-09-03 10:25:00,76789.27,76800.0,981.8,13.42,0.5028,100,550.0,7.4,-0.4976,80,1531.8,10.41,0.0052,-180.0
2026-09-03 10:30:00,76791.39,76800.0,981.8,13.41,0.5031,0,559.4,7.55,-0.4969,340,1541.2,10.48,0.0062,-178.0
2026-09-03 10:35:00,76757.3,76800.0,947.65,13.17,0.4974,660,586.75,7.69,-0.5063,420,1534.4,10.43,-0.0089,-1077.0
2026-09-03 10:40:00,76755.25,76800.0,933.25,12.99,0.4969,280,597.2,7.81,-0.5066,340,1530.45,10.4,-0.0097,-435.0
2026-09-03 10:45:00,76761.41,76800.0,933.25,12.95,0.4978,0,583.8,7.68,-0.5052,40,1517.05,10.32,-0.0074,34.0
2026-09-03 11:30:00,76764.0,76800.0,920.0,12.76,0.4981,0,602.2,7.95,-0.504,0,1522.2,10.36,-0.0059,0.0
2026-09-03 11:35:00,76775.36,76800.0,920.0,12.69,0.4999,0,602.2,8.03,-0.5008,0,1522.2,10.36,-0.0009,0.0
2026-09-03 11:40:00,76768.3,76800.0,934.15,12.93,0.499,100,602.2,7.98,-0.5028,0,1536.35,10.46,-0.0038,31.0
2026-09-03 11:45:00,76766.06,76800.0,948.0,13.13,0.4988,40,602.2,7.97,-0.5034,0,1550.2,10.55,-0.0046,38.0
2026-09-04 10:55:00,76752.78,76800.0,921.1,13.16,0.4964,0,590.0,7.89,-0.5076,0,1511.1,10.52,-0.0112,0.0
2026-09-04 11:05:00,76774.84,76800.0,906.0,12.8,0.4998,0,590.0,8.04,-0.5013,0,1496.0,10.42,-0.0015,0.0
2026-09-04 11:15:00,76782.85,76800.0,899.35,12.65,0.5011,20,589.6,8.1,-0.499,40,1488.95,10.38,0.0021,-40.0
2026-09-04 11:20:00,76812.27,76800.0,899.35,12.45,0.5061,0,589.6,8.3,-0.491,0,1488.95,10.38,0.0151,0.0
2026-09-04 11:25:00,76818.22,76800.0,899.35,12.41,0.5072,0,589.6,8.34,-0.4894,0,1488.95,10.38,0.0178,0.0
2026-09-04 11:30:00,76826.73,76800.0,899.35,12.35,0.5087,0,589.6,8.4,-0.4872,0,1488.95,10.38,0.0215,0.0
2026-09-04 11:40:00,76798.51,76800.0,960.1,13.39,0.5042,20,545.3,7.59,-0.495,0,1505.4,10.49,0.0092,-20.0
2026-09-04 11:45:00,76812.76,76800.0,936.25,12.96,0.5064,40,545.3,7.69,-0.4909,0,1481.55,10.32,0.0155,-40.0
2026-09-04 11:50:00,76824.3,76800.0,936.25,12.88,0.5083,0,576.95,8.21,-0.4878,200,1513.2,10.55,0.0205,-200.0
2026-09-04 11:55:00,76792.77,76800.0,936.25,13.11,0.503,0,576.95,7.99,-0.4964,0,1513.2,10.55,0.0066,0.0
2026-09-04 12:05:00,76766.67,76800.0,936.25,13.29,0.4988,0,592.5,8.03,-0.5035,20,1528.75,10.66,-0.0047,-20.0
2026-08-19 12:00:00,76909.04,76900.0,1400.0,14.55,0.5068,0,722.0,7.58,-0.49,0,2122.0,11.07,0.0168,0.0
2026-08-19 12:05:00,76897.2,76900.0,1400.0,14.62,0.5055,0,722.0,7.51,-0.4926,0,2122.0,11.06,0.0129,0.0
2026-08-19 12:10:00,76892.33,76900.0,1400.0,14.64,0.5049,0,722.0,7.49,-0.4937,0,2122.0,11.07,0.0112,0.0
2026-08-19 12:15:00,76924.41,76900.0,1400.0,14.47,0.5085,0,722.0,7.65,-0.4867,0,2122.0,11.06,0.0218,0.0
2026-08-19 12:20:00,76934.36,76900.0,1400.0,14.42,0.5096,0,722.0,7.71,-0.4846,0,2122.0,11.06,0.025,0.0
2026-08-19 12:25:00,76923.2,76900.0,1400.0,14.48,0.5083,0,722.0,7.65,-0.4869,0,2122.0,11.07,0.0214,0.0
2026-08-19 12:30:00,76902.99,76900.0,1400.0,14.59,0.5061,0,722.0,7.55,-0.4913,0,2122.0,11.07,0.0148,0.0
2026-08-19 12:35:00,76905.68,76900.0,1400.0,14.57,0.5064,0,722.0,7.56,-0.4907,0,2122.0,11.06,0.0157,0.0
2026-08-19 12:40:00,76915.0,76900.0,1400.0,14.53,0.5074,0,722.0,7.61,-0.4887,0,2122.0,11.07,0.0187,0.0
2026-08-19 12:45:00,76901.53,76900.0,1400.0,14.6,0.5059,20,722.0,7.54,-0.4916,0,2122.0,11.07,0.0143,0.0
2026-08-19 12:50:00,76911.16,76900.0,1400.0,14.55,0.507,0,722.0,7.59,-0.4895,0,2122.0,11.07,0.0175,0.0
2026-08-19 12:55:00,76908.52,76900.0,1400.0,14.56,0.5067,0,722.0,7.58,-0.4901,0,2122.0,11.07,0.0166,0.0
2026-08-19 13:00:00,76925.09,76900.0,1400.0,14.48,0.5085,0,722.0,7.66,-0.4865,0,2122.0,11.07,0.022,0.0
2026-08-19 13:05:00,76934.32,76900.0,1400.0,14.43,0.5096,0,722.0,7.71,-0.4846,0,2122.0,11.07,0.025,0.0
2026-08-19 13:10:00,76879.02,76900.0,1400.0,14.72,0.5035,0,722.0,7.43,-0.4967,0,2122.0,11.08,0.0068,0.0
2026-08-19 13:15:00,76877.75,76900.0,1400.0,14.73,0.5034,0,722.0,7.42,-0.497,0,2122.0,11.08,0.0064,0.0
2026-08-19 13:20:00,76856.52,76900.0,1400.0,14.84,0.5011,0,722.0,7.31,-0.5019,0,2122.0,11.08,-0.0008,0.0
2026-08-19 13:25:00,76857.92,76900.0,1400.0,14.83,0.5013,0,722.0,7.32,-0.5015,0,2122.0,11.08,-0.0002,0.0
2026-08-19 13:30:00,76854.8,76900.0,1400.0,14.85,0.5009,0,723.0,7.31,-0.5023,20,2123.0,11.08,-0.0014,-20.0
2026-08-19 13:35:00,76871.03,76900.0,1400.0,14.77,0.5027,0,723.0,7.4,-0.4985,0,2123.0,11.08,0.0042,0.0
2026-08-19 13:40:00,76868.1,76900.0,1400.0,14.78,0.5023,0,723.0,7.38,-0.4992,0,2123.0,11.08,0.0031,0.0
2026-08-19 13:45:00,76866.77,76900.0,1400.0,14.79,0.5022,0,723.0,7.37,-0.4995,0,2123.0,11.08,0.0027,0.0
2026-08-19 13:50:00,76854.02,76900.0,1400.0,14.86,0.5009,0,723.0,7.31,-0.5024,0,2123.0,11.08,-0.0015,0.0
2026-08-19 13:55:00,76874.85,76900.0,1400.0,14.75,0.5031,0,723.0,7.42,-0.4976,0,2123.0,11.08,0.0055,0.0
2026-08-19 14:00:00,76925.43,76900.0,1400.0,14.48,0.5086,20,723.0,7.68,-0.4865,0,2123.0,11.08,0.0221,0.0
2026-08-19 14:05:00,76919.94,76900.0,1400.0,14.51,0.508,0,723.0,7.65,-0.4876,0,2123.0,11.08,0.0204,0.0
2026-08-19 14:10:00,76901.2,76900.0,1400.0,14.61,0.5059,0,723.0,7.55,-0.4917,0,2123.0,11.08,0.0142,0.0
2026-08-19 14:15:00,76866.13,76900.0,1400.0,14.8,0.5021,0,723.0,7.37,-0.4996,0,2123.0,11.08,0.0025,0.0
2026-08-19 14:25:00,76858.82,76900.0,1400.0,14.84,0.5014,0,730.0,7.41,-0.5012,120,2130.0,11.12,0.0002,-120.0
2026-08-19 14:30:00,76903.66,76900.0,1400.0,14.6,0.5062,0,730.0,7.64,-0.4911,0,2130.0,11.12,0.0151,0.0
2026-08-19 14:35:00,76907.01,76900.0,1400.0,14.58,0.5065,0,730.0,7.66,-0.4904,0,2130.0,11.12,0.0161,0.0
2026-08-19 14:40:00,76911.24,76900.0,1400.0,14.56,0.507,0,730.0,7.68,-0.4895,0,2130.0,11.12,0.0175,0.0
2026-08-19 14:45:00,76881.95,76900.0,1400.0,14.72,0.5038,0,730.0,7.53,-0.4959,0,2130.0,11.12,0.0079,0.0
2026-08-19 14:50:00,76903.93,76900.0,1400.0,14.6,0.5062,0,730.0,7.64,-0.4911,0,2130.0,11.12,0.0151,0.0
2026-08-19 14:55:00,76922.13,76900.0,1400.0,14.51,0.5082,0,730.0,7.74,-0.4872,0,2130.0,11.12,0.021,0.0
2026-08-19 15:00:00,76930.88,76900.0,1400.0,14.46,0.5092,0,730.0,7.78,-0.4853,0,2130.0,11.12,0.0239,0.0
2026-08-19 15:05:00,76888.01,76900.0,1400.0,14.69,0.5045,0,720.0,7.46,-0.4947,40,2120.0,11.08,0.0098,40.0
2026-08-19 15:10:00,76908.68,76900.0,1400.0,14.58,0.5067,0,720.0,7.57,-0.4901,0,2120.0,11.08,0.0166,0.0
2026-08-19 15:15:00,76908.05,76900.0,1400.0,14.58,0.5067,0,720.0,7.56,-0.4902,0,2120.0,11.07,0.0165,0.0
2026-08-19 15:20:00,76908.05,76900.0,1400.0,14.59,0.5067,0,720.0,7.56,-0.4902,0,2120.0,11.08,0.0165,0.0
2026-08-19 15:25:00,76909.68,76900.0,1400.0,14.58,0.5068,0,720.0,7.57,-0.4899,0,2120.0,11.08,0.0169,0.0
2026-08-27 15:25:00,76933.59,76900.0,1440.45,16.84,0.5104,0,489.65,5.99,-0.4837,40,1930.1,11.42,0.0267,-40.0
2026-08-31 09:40:00,76876.7,76900.0,1116.7,14.34,0.5018,360,590.95,7.36,-0.5003,280,1707.65,10.85,0.0015,-438.0
2026-08-31 09:45:00,76896.55,76900.0,1114.55,14.18,0.5045,120,590.95,7.49,-0.4949,0,1705.5,10.84,0.0096,-7.0
2026-08-31 09:50:00,76876.62,76900.0,1118.1,14.36,0.5018,60,595.1,7.41,-0.5003,240,1713.2,10.88,0.0015,-14.0
2026-08-31 09:55:00,76874.11,76900.0,1108.0,14.25,0.5014,20,595.1,7.4,-0.501,0,1703.1,10.82,0.0004,-20.0
2026-08-31 10:00:00,76900.98,76900.0,1108.0,14.08,0.5051,0,595.1,7.57,-0.4936,0,1703.1,10.82,0.0115,0.0
2026-08-31 10:05:00,76883.75,76900.0,1133.0,14.5,0.5029,40,580.1,7.27,-0.4985,120,1713.1,10.88,0.0044,159.0
2026-08-31 10:25:00,76856.88,76900.0,1135.9,14.72,0.4994,20,593.85,7.28,-0.5059,20,1729.75,11.0,-0.0065,40.0
2026-08-31 11:40:00,76865.4,76900.0,1105.0,14.28,0.5002,0,593.85,7.34,-0.5035,0,1698.85,10.81,-0.0033,0.0
2026-08-31 11:45:00,76879.58,76900.0,1157.0,14.86,0.5026,20,593.85,7.43,-0.4995,0,1750.85,11.14,0.0031,20.0
2026-08-31 12:10:00,76946.52,76900.0,1239.85,15.48,0.5117,0,497.85,6.63,-0.4803,0,1737.7,11.06,0.0314,0.0
2026-08-31 12:30:00,76945.83,76900.0,1204.15,15.04,0.5116,0,497.85,6.62,-0.4805,0,1702.0,10.83,0.0311,0.0
2026-08-31 13:55:00,76920.64,76900.0,1256.5,15.89,0.5085,60,518.8,6.74,-0.4882,0,1775.3,11.32,0.0203,43.0
2026-08-31 14:00:00,76871.88,76900.0,1198.0,15.46,0.502,160,526.95,6.54,-0.5031,120,1724.95,11.0,-0.0011,-220.0
2026-08-31 14:05:00,76859.74,76900.0,1191.95,15.46,0.5004,20,526.95,6.46,-0.507,0,1718.9,10.96,-0.0066,-20.0
2026-08-31 14:10:00,76862.48,76900.0,1187.7,15.39,0.5007,20,526.95,6.48,-0.5061,0,1714.65,10.94,-0.0054,-20.0
2026-08-31 14:15:00,76867.92,76900.0,1218.2,15.74,0.5017,20,526.95,6.52,-0.5044,0,1745.15,11.13,-0.0027,20.0
2026-08-31 14:30:00,76867.49,76900.0,1166.95,15.1,0.5011,20,563.75,6.98,-0.5036,20,1730.7,11.04,-0.0025,-40.0
2026-08-31 14:35:00,76903.04,76900.0,1220.0,15.55,0.5061,20,530.4,6.79,-0.4934,40,1750.4,11.17,0.0127,52.0
2026-08-31 14:40:00,76935.45,76900.0,1225.0,15.4,0.5103,120,523.6,6.9,-0.4839,180,1748.6,11.15,0.0264,247.0
2026-08-31 15:10:00,76930.28,76900.0,1251.0,15.77,0.5097,40,514.35,6.75,-0.4853,300,1765.35,11.26,0.0244,-260.0
2026-08-31 15:15:00,76924.93,76900.0,1251.0,15.81,0.509,0,515.2,6.73,-0.4869,140,1766.2,11.27,0.0221,-8.0
2026-08-31 15:20:00,76924.93,76900.0,1219.95,15.41,0.5089,140,508.05,6.64,-0.4868,520,1728.0,11.02,0.0221,31.0
2026-09-01 09:35:00,76865.38,76900.0,1064.35,14.03,0.4998,200,558.65,7.02,-0.5044,20,1623.0,10.52,-0.0046,-180.0
2026-09-01 10:05:00,76851.7,76900.0,1072.55,14.23,0.498,0,596.3,7.42,-0.5075,120,1668.85,10.82,-0.0095,-61.0
2026-09-01 10:10:00,76878.41,76900.0,1072.55,14.06,0.5018,0,611.85,7.8,-0.4996,20,1684.4,10.93,0.0022,-20.0
2026-09-01 10:15:00,76929.55,76900.0,1072.55,13.73,0.5091,0,611.85,8.13,-0.4863,0,1684.4,10.93,0.0228,0.0
2026-09-01 13:35:00,76928.78,76900.0,1070.95,13.75,0.509,0,523.05,6.99,-0.4859,0,1594.0,10.37,0.0231,0.0
2026-09-01 13:40:00,76914.57,76900.0,1070.95,13.85,0.5069,0,559.95,7.38,-0.4901,20,1630.9,10.62,0.0168,-20.0
2026-09-01 13:45:00,76875.32,76900.0,1070.95,14.11,0.5013,0,584.7,7.45,-0.501,80,1655.65,10.78,0.0003,-80.0
2026-09-01 15:25:00,76944.28,76900.0,989.95,12.62,0.5114,20,630.0,8.5,-0.4829,120,1619.95,10.56,0.0285,140.0
2026-09-03 09:35:00,76854.28,76900.0,925.25,12.86,0.4966,0,579.8,7.55,-0.5074,0,1505.05,10.2,-0.0108,0.0
2026-09-03 09:40:00,76891.73,76900.0,992.5,13.52,0.5032,100,560.0,7.54,-0.4968,100,1552.5,10.53,0.0064,200.0
2026-09-03 09:45:00,76895.47,76900.0,989.95,13.46,0.5038,120,560.0,7.57,-0.4957,0,1549.95,10.52,0.0081,-14.0
2026-09-03 09:50:00,76852.47,76900.0,989.95,13.75,0.4972,0,560.0,7.27,-0.5086,0,1549.95,10.51,-0.0114,0.0
2026-09-03 09:55:00,76880.62,76900.0,979.65,13.42,0.5014,40,560.0,7.47,-0.5,0,1539.65,10.44,0.0014,-39.0
2026-09-03 10:00:00,76874.1,76900.0,946.5,13.02,0.5,20,570.0,7.56,-0.5018,80,1516.5,10.29,-0.0018,-100.0
2026-09-03 10:05:00,76860.09,76900.0,976.6,13.52,0.4982,20,570.0,7.46,-0.5059,20,1546.6,10.49,-0.0077,20.0
2026-09-03 10:20:00,76861.93,76900.0,968.55,13.41,0.4984,0,570.0,7.48,-0.5054,20,1538.55,10.44,-0.007,0.0
2026-09-04 11:35:00,76867.1,76900.0,870.0,12.34,0.498,0,608.3,8.24,-0.5031,0,1478.3,10.29,-0.0051,0.0
2026-08-19 09:30:00,76994.24,77000.0,1378.65,14.37,0.505,80,715.0,7.41,-0.4933,60,2093.65,10.89,0.0117,-140.0
2026-08-19 09:35:00,77018.68,77000.0,1395.0,14.41,0.5078,40,715.0,7.53,-0.4879,0,2110.0,10.97,0.0199,40.0
2026-08-19 09:40:00,77035.67,77000.0,1380.0,14.16,0.5096,60,715.0,7.62,-0.4843,0,2095.0,10.89,0.0253,-46.0
2026-08-19 09:55:00,77043.37,77000.0,1405.0,14.39,0.5106,20,715.75,7.66,-0.4826,40,2120.75,11.02,0.028,-60.0
2026-08-19 10:05:00,77045.84,77000.0,1429.2,14.63,0.5109,0,710.0,7.62,-0.4821,20,2139.2,11.12,0.0288,20.0
2026-08-19 10:10:00,77025.73,77000.0,1399.0,14.42,0.5086,20,710.0,7.52,-0.4864,40,2109.0,10.97,0.0222,-20.0
2026-08-19 10:15:00,76969.9,77000.0,1383.4,14.55,0.5024,80,710.0,7.23,-0.499,0,2093.4,10.89,0.0034,-66.0
2026-08-19 11:45:00,76963.21,77000.0,1348.5,14.24,0.5013,20,740.0,7.52,-0.5,40,2088.5,10.88,0.0013,60.0
2026-08-19 11:50:00,76988.12,77000.0,1375.0,14.38,0.5043,40,716.0,7.39,-0.4947,180,2091.0,10.88,0.0096,220.0
2026-08-19 11:55:00,76990.88,77000.0,1375.0,14.37,0.5046,20,716.0,7.41,-0.4941,20,2091.0,10.89,0.0105,0.0
2026-08-28 11:55:00,77009.7,77000.0,1224.9,14.64,0.5067,640,550.45,6.66,-0.4911,2140,1775.35,10.65,0.0156,-1757.0
2026-08-28 12:00:00,77029.07,77000.0,1238.25,14.68,0.5092,100,543.25,6.69,-0.4857,780,1781.5,10.68,0.0235,427.0
2026-08-28 12:05:00,77022.94,77000.0,1235.55,14.69,0.5084,100,538.0,6.59,-0.4874,760,1773.55,10.64,0.021,282.0
2026-08-28 12:10:00,77027.69,77000.0,1231.45,14.61,0.509,80,547.35,6.73,-0.4861,1000,1778.8,10.67,0.0229,-385.0
2026-08-28 12:15:00,77026.42,77000.0,1231.45,14.62,0.5088,40,552.0,6.78,-0.4865,720,1783.45,10.7,0.0223,-459.0
2026-08-28 12:20:00,77031.16,77000.0,1222.2,14.48,0.5094,280,555.15,6.84,-0.4852,1360,1777.35,10.66,0.0242,-615.0
2026-08-28 13:00:00,77031.95,77000.0,1232.0,14.6,0.5095,220,557.6,6.88,-0.485,440,1789.6,10.74,0.0245,-300.0
2026-08-28 13:25:00,77043.01,77000.0,1233.85,14.56,0.511,240,549.8,6.85,-0.4819,560,1783.65,10.7,0.0291,-596.0
2026-08-31 09:15:00,77005.21,77000.0,1097.0,13.88,0.5056,760,598.9,7.63,-0.4925,2760,1695.9,10.76,0.0131,-1131.0
2026-08-31 09:20:00,77036.66,77000.0,1111.0,13.86,0.5101,460,596.95,7.8,-0.4844,1140,1707.95,10.83,0.0257,116.0
2026-08-31 09:25:00,76952.98,77000.0,1092.55,14.16,0.4984,320,607.05,7.4,-0.5067,760,1699.6,10.78,-0.0083,-503.0
2026-08-31 09:30:00,76991.36,77000.0,1100.85,14.02,0.5037,1600,595.0,7.49,-0.4962,1700,1695.85,10.76,0.0075,1011.0
2026-08-31 09:35:00,76959.81,77000.0,1091.25,14.1,0.4993,300,610.0,7.48,-0.5047,420,1701.25,10.79,-0.0054,-685.0
2026-08-31 11:50:00,76988.65,77000.0,1185.0,15.14,0.504,560,538.8,6.78,-0.4977,660,1723.8,10.96,0.0063,1066.0
2026-08-31 11:55:00,76987.57,77000.0,1184.4,15.14,0.5039,1280,547.55,6.88,-0.4979,3800,1731.95,11.01,0.006,113.0
2026-08-31 12:00:00,77008.33,77000.0,1182.9,14.99,0.5065,300,537.05,6.88,-0.4918,1220,1719.95,10.94,0.0147,477.0
2026-08-31 12:05:00,76964.92,77000.0,1177.85,15.2,0.5009,540,557.9,6.87,-0.5045,220,1735.75,11.04,-0.0036,-360.0
2026-08-31 12:15:00,76986.72,77000.0,1180.0,15.09,0.5037,40,545.0,6.85,-0.4982,440,1725.0,10.97,0.0055,293.0
2026-08-31 12:20:00,76980.18,77000.0,1187.9,15.23,0.5029,160,550.95,6.88,-0.5,860,1738.85,11.06,0.0029,-342.0
2026-08-31 12:25:00,76974.09,77000.0,1179.55,15.17,0.5021,200,544.5,6.76,-0.502,800,1724.05,10.96,0.0001,211.0
2026-08-31 12:35:00,76984.66,77000.0,1175.0,15.05,0.5034,240,543.15,6.81,-0.4988,160,1718.15,10.93,0.0046,121.0
2026-08-31 12:40:00,76991.08,77000.0,1172.0,14.97,0.5042,240,549.8,6.94,-0.4968,800,1721.8,10.96,0.0074,-442.0
2026-08-31 12:45:00,76975.16,77000.0,1172.0,15.07,0.5022,0,547.35,6.81,-0.5016,320,1719.35,10.94,0.0006,84.0
2026-08-31 12:50:00,77008.91,77000.0,1178.0,14.93,0.5066,40,544.8,6.99,-0.4917,40,1722.8,10.96,0.0149,80.0
2026-08-31 12:55:00,76993.21,77000.0,1181.25,15.07,0.5046,100,542.15,6.86,-0.4963,300,1723.4,10.96,0.0083,199.0
2026-08-31 13:00:00,76996.28,77000.0,1180.0,15.04,0.505,60,536.05,6.8,-0.4954,100,1716.05,10.92,0.0096,101.0
2026-08-31 13:05:00,76977.01,77000.0,1197.45,15.39,0.5026,20,549.45,6.85,-0.501,600,1746.9,11.12,0.0016,-580.0
2026-08-31 13:10:00,77010.17,77000.0,1185.0,15.02,0.5068,220,541.65,6.96,-0.4913,60,1726.65,10.99,0.0155,-160.0
2026-08-31 13:15:00,76988.04,77000.0,1185.0,15.16,0.5039,0,542.1,6.82,-0.4978,20,1727.1,10.99,0.0061,-20.0
2026-08-31 13:20:00,76988.43,77000.0,1184.15,15.15,0.504,40,550.0,6.93,-0.4976,60,1734.15,11.04,0.0064,-100.0
2026-08-31 13:25:00,76992.43,77000.0,1177.0,15.03,0.5044,100,542.1,6.85,-0.4965,60,1719.1,10.94,0.0079,5.0
2026-08-31 13:30:00,76995.92,77000.0,1190.95,15.19,0.505,40,536.95,6.81,-0.4955,120,1727.9,11.0,0.0095,80.0
2026-08-31 13:35:00,76970.95,77000.0,1194.0,15.39,0.5018,300,545.5,6.76,-0.503,220,1739.5,11.08,-0.0012,-69.0
2026-08-31 13:40:00,76951.02,77000.0,1170.0,15.21,0.4991,280,555.15,6.75,-0.5089,160,1725.15,10.98,-0.0098,-394.0
2026-08-31 13:45:00,76963.48,77000.0,1170.25,15.13,0.5007,40,556.8,6.86,-0.505,220,1727.05,11.0,-0.0043,-3.0
2026-08-31 13:50:00,76953.86,77000.0,1182.9,15.36,0.4996,20,541.25,6.6,-0.5085,100,1724.15,10.98,-0.0089,120.0
2026-08-31 14:45:00,77000.2,77000.0,1217.5,15.51,0.5057,1120,526.95,6.72,-0.4943,1040,1744.45,11.12,0.0114,681.0
2026-08-31 14:55:00,77001.53,77000.0,1221.3,15.56,0.5059,260,521.65,6.66,-0.4939,200,1742.95,11.11,0.012,-436.0
2026-08-31 15:00:00,76950.46,77000.0,1200.0,15.61,0.4994,260,545.35,6.63,-0.5094,500,1745.35,11.12,-0.01,-704.0
2026-08-31 15:05:00,76993.81,77000.0,1192.85,15.25,0.5047,60,520.25,6.59,-0.4963,500,1713.1,10.92,0.0084,319.0
2026-08-31 15:25:00,76957.27,77000.0,1162.3,15.09,0.4998,640,531.0,6.5,-0.5077,140,1693.3,10.8,-0.0079,73.0
2026-09-01 09:30:00,76958.62,77000.0,1041.7,13.76,0.4986,940,599.7,7.5,-0.5054,1140,1641.4,10.63,-0.0068,-260.0
2026-09-01 10:20:00,76965.03,77000.0,1025.3,13.52,0.4993,280,592.0,7.45,-0.5037,320,1617.3,10.48,-0.0044,404.0
2026-09-01 10:25:00,76962.34,77000.0,1024.15,13.52,0.4989,80,591.0,7.42,-0.5045,100,1615.15,10.47,-0.0056,64.0
2026-09-01 10:30:00,76984.86,77000.0,1017.5,13.29,0.5022,300,587.05,7.51,-0.4982,420,1604.55,10.4,0.004,0.0
2026-09-01 10:35:00,76994.74,77000.0,1031.45,13.41,0.5038,60,587.0,7.58,-0.4955,80,1618.45,10.5,0.0083,84.0
2026-09-01 10:40:00,76973.43,77000.0,1025.0,13.47,0.5006,40,592.0,7.51,-0.5013,580,1617.0,10.49,-0.0007,-194.0
2026-09-01 10:45:00,76979.66,77000.0,1019.0,13.35,0.5014,180,592.0,7.55,-0.4996,220,1611.0,10.45,0.0018,-180.0
2026-09-01 10:50:00,77038.66,77000.0,1052.0,13.39,0.5105,440,564.3,7.56,-0.4836,2160,1616.3,10.48,0.0269,2147.0
2026-09-01 10:55:00,77026.1,77000.0,1045.55,13.39,0.5086,400,574.7,7.62,-0.487,320,1620.25,10.5,0.0216,-412.0
2026-09-01 11:00:00,77033.53,77000.0,1040.0,13.27,0.5097,100,567.05,7.57,-0.485,160,1607.05,10.42,0.0247,41.0
2026-09-01 13:05:00,77036.29,77000.0,1063.65,13.58,0.5101,240,537.05,7.21,-0.4839,1380,1600.7,10.4,0.0262,-1190.0
2026-09-01 13:10:00,76955.67,77000.0,1020.0,13.55,0.4979,480,576.85,7.21,-0.5069,1580,1596.85,10.38,-0.009,-2060.0
2026-09-01 13:15:00,76950.4,77000.0,1011.35,13.47,0.497,340,576.0,7.16,-0.5085,740,1587.35,10.32,-0.0115,-10.0
2026-09-01 13:20:00,76975.52,77000.0,1023.85,13.47,0.5009,120,566.0,7.2,-0.5012,600,1589.85,10.34,-0.0003,278.0
2026-09-01 13:25:00,76953.42,77000.0,1006.0,13.38,0.4974,160,580.0,7.24,-0.5075,280,1586.0,10.31,-0.0101,-345.0
2026-09-01 13:30:00,76988.81,77000.0,1006.0,13.15,0.5027,0,566.6,7.29,-0.4974,100,1572.6,10.22,0.0053,100.0
2026-08-28 09:15:00,77093.65,77100.0,1223.65,14.67,0.5046,660,649.2,7.72,-0.4948,20,1872.85,11.2,0.0098,660.0
2026-08-28 11:25:00,77115.7,77100.0,1223.65,14.56,0.5074,0,497.15,6.05,-0.4893,0,1720.8,10.3,0.0181,0.0
2026-08-28 11:30:00,77079.87,77100.0,1218.25,14.71,0.5029,20,497.15,5.83,-0.5008,0,1715.4,10.27,0.0021,-20.0
2026-08-28 11:35:00,77059.73,77100.0,1205.25,14.68,0.5003,20,497.15,5.71,-0.5077,0,1702.4,10.2,-0.0074,-20.0
2026-08-28 11:40:00,77085.67,77100.0,1205.25,14.52,0.5035,0,497.15,5.87,-0.4989,0,1702.4,10.2,0.0046,0.0
2026-08-28 11:45:00,77081.35,77100.0,1205.25,14.55,0.503,0,497.15,5.84,-0.5004,0,1702.4,10.2,0.0026,0.0
2026-08-28 11:50:00,77066.49,77100.0,1205.8,14.65,0.5011,20,497.15,5.76,-0.5054,0,1702.95,10.2,-0.0043,20.0
2026-08-28 12:25:00,77052.9,77100.0,1116.95,13.67,0.4984,0,578.55,6.65,-0.5073,0,1695.5,10.16,-0.0089,0.0
2026-08-28 12:30:00,77075.07,77100.0,1116.95,13.54,0.5013,0,575.0,6.74,-0.5008,40,1691.95,10.14,0.0005,40.0
2026-08-28 12:35:00,77095.84,77100.0,1116.95,13.41,0.5042,0,575.0,6.87,-0.4949,0,1691.95,10.14,0.0093,0.0
2026-08-28 12:40:00,77089.83,77100.0,1116.95,13.45,0.5033,0,576.6,6.85,-0.4966,480,1693.55,10.15,0.0067,-163.0
2026-08-28 12:45:00,77098.36,77100.0,1116.95,13.4,0.5045,0,571.7,6.84,-0.4942,60,1688.65,10.12,0.0103,35.0
2026-08-28 12:50:00,77083.48,77100.0,1116.95,13.49,0.5025,0,571.7,6.76,-0.4985,0,1688.65,10.12,0.004,0.0
2026-08-28 12:55:00,77057.14,77100.0,1116.95,13.65,0.4989,0,580.35,6.7,-0.506,20,1697.3,10.18,-0.0071,-20.0
2026-08-28 13:05:00,77063.28,77100.0,1116.95,13.62,0.4998,0,580.35,6.74,-0.5042,0,1697.3,10.18,-0.0044,0.0
2026-08-28 13:10:00,77067.87,77100.0,1116.95,13.59,0.5004,0,580.35,6.77,-0.5028,0,1697.3,10.18,-0.0024,0.0
2026-08-28 13:15:00,77071.67,77100.0,1116.95,13.57,0.5009,0,574.0,6.71,-0.5018,100,1690.95,10.14,-0.0009,76.0
2026-08-28 13:20:00,77078.66,77100.0,1116.95,13.53,0.5018,0,574.0,6.76,-0.4998,0,1690.95,10.14,0.002,0.0
2026-08-28 13:30:00,77077.32,77100.0,1116.95,13.54,0.5017,0,579.1,6.81,-0.5001,160,1696.05,10.17,0.0016,145.0
2026-08-28 13:35:00,77094.05,77100.0,1116.95,13.44,0.5039,0,558.15,6.66,-0.4956,140,1675.1,10.05,0.0083,140.0
2026-08-28 13:40:00,77097.51,77100.0,1116.95,13.42,0.5044,0,544.0,6.51,-0.4947,20,1660.95,9.96,0.0097,20.0
2026-08-28 13:45:00,77063.86,77100.0,1116.95,13.62,0.4998,0,544.0,6.31,-0.5049,0,1660.95,9.96,-0.0051,0.0
2026-08-28 13:50:00,77057.77,77100.0,1116.95,13.66,0.499,0,544.0,6.27,-0.5068,0,1660.95,9.96,-0.0078,0.0
2026-08-28 13:55:00,77087.5,77100.0,1116.95,13.48,0.503,0,544.0,6.45,-0.4977,0,1660.95,9.96,0.0053,0.0
2026-08-28 14:00:00,77067.9,77100.0,1190.0,14.47,0.5011,140,544.0,6.34,-0.5037,0,1734.0,10.4,-0.0026,140.0
2026-08-28 14:05:00,77067.77,77100.0,1181.25,14.37,0.501,40,544.0,6.34,-0.5037,0,1725.25,10.36,-0.0027,-40.0
2026-08-28 14:10:00,77101.94,77100.0,1193.3,14.31,0.5055,180,544.0,6.54,-0.4934,0,1737.3,10.42,0.0121,118.0
2026-08-28 14:15:00,77092.91,77100.0,1196.4,14.4,0.5044,20,544.0,6.49,-0.4961,0,1740.4,10.44,0.0083,20.0
2026-08-28 14:20:00,77110.86,77100.0,1196.4,14.3,0.5067,0,544.0,6.59,-0.4908,0,1740.4,10.44,0.0159,0.0
2026-08-28 14:25:00,77127.83,77100.0,1196.4,14.19,0.5089,0,544.0,6.69,-0.486,0,1740.4,10.44,0.0229,0.0
2026-08-28 14:30:00,77139.9,77100.0,1196.4,14.12,0.5105,0,542.6,6.75,-0.4827,20,1739.0,10.43,0.0278,20.0
2026-08-28 14:35:00,77123.13,77100.0,1196.4,14.22,0.5083,0,536.15,6.57,-0.4873,180,1732.55,10.4,0.021,117.0
2026-08-28 14:40:00,77122.28,77100.0,1217.8,14.49,0.5082,40,541.25,6.63,-0.4876,400,1759.05,10.56,0.0206,-250.0
2026-08-28 14:45:00,77148.59,77100.0,1245.85,14.66,0.5117,40,533.1,6.68,-0.4802,240,1778.95,10.67,0.0315,181.0
2026-08-28 15:00:00,77085.71,77100.0,1163.45,14.06,0.5032,20,540.95,6.41,-0.4983,700,1704.4,10.24,0.0049,-576.0
2026-08-28 15:05:00,77136.99,77100.0,1240.0,14.67,0.5102,40,513.15,6.38,-0.4831,240,1753.15,10.52,0.0271,265.0
2026-08-31 14:50:00,77067.7,77100.0,1193.0,15.39,0.5014,80,562.1,6.95,-0.5036,0,1755.1,11.17,-0.0022,80.0
2026-09-01 11:05:00,77071.71,77100.0,1020.0,13.4,0.5003,20,600.35,7.6,-0.5017,100,1620.35,10.5,-0.0014,120.0
2026-09-01 11:10:00,77114.98,77100.0,1020.0,13.12,0.5068,0,550.8,7.23,-0.49,200,1570.8,10.18,0.0168,200.0
2026-09-01 11:45:00,77137.65,77100.0,1091.0,13.9,0.5104,0,529.0,7.1,-0.4835,300,1620.0,10.5,0.0269,-178.0
2026-09-01 12:20:00,77134.86,77100.0,1050.7,13.4,0.5099,0,529.5,7.09,-0.4843,420,1580.2,10.24,0.0256,0.0
2026-09-01 12:50:00,77100.92,77100.0,1050.6,13.63,0.5048,40,538.9,7.0,-0.4941,100,1589.5,10.32,0.0107,-105.0
2026-09-01 12:55:00,77099.47,77100.0,1050.6,13.64,0.5046,0,546.0,7.08,-0.4945,20,1596.6,10.36,0.0101,-20.0
2026-09-01 13:00:00,77076.84,77100.0,1050.6,13.79,0.5013,20,560.75,7.13,-0.501,40,1611.35,10.46,0.0003,-40.0
2026-08-25 13:10:00,77171.78,77200.0,1211.0,13.93,0.5015,0,621.85,6.91,-0.5006,20,1832.85,10.42,0.0009,0.0
2026-08-25 13:15:00,77165.85,77200.0,1211.0,13.97,0.5008,0,621.85,6.88,-0.5022,0,1832.85,10.42,-0.0014,0.0
2026-08-25 13:25:00,77163.05,77200.0,1211.0,13.98,0.5005,0,621.85,6.86,-0.503,0,1832.85,10.42,-0.0025,0.0
2026-08-25 13:30:00,77168.73,77200.0,1211.0,13.95,0.5012,0,621.85,6.9,-0.5014,0,1832.85,10.42,-0.0002,0.0
2026-08-25 13:35:00,77186.47,77200.0,1211.0,13.85,0.5034,0,621.85,7.0,-0.4967,0,1832.85,10.42,0.0067,0.0
2026-08-25 13:40:00,77193.71,77200.0,1211.0,13.81,0.5043,0,621.85,7.04,-0.4948,0,1832.85,10.42,0.0095,0.0
2026-08-25 13:45:00,77178.05,77200.0,1211.0,13.9,0.5023,0,621.85,6.95,-0.4989,20,1832.85,10.42,0.0034,0.0
2026-08-25 13:55:00,77248.17,77200.0,1211.0,13.5,0.5113,0,621.85,7.34,-0.4813,0,1832.85,10.42,0.03,0.0
2026-08-25 14:00:00,77245.77,77200.0,1211.0,13.51,0.511,0,621.85,7.33,-0.4819,0,1832.85,10.42,0.0291,0.0
2026-08-25 14:05:00,77241.48,77200.0,1211.0,13.54,0.5104,0,621.85,7.31,-0.4829,0,1832.85,10.42,0.0275,0.0
2026-08-25 14:10:00,77248.23,77200.0,1211.0,13.5,0.5113,0,621.85,7.34,-0.4813,0,1832.85,10.42,0.03,0.0
2026-08-27 13:50:00,77211.61,77200.0,1240.0,14.53,0.5069,20,696.95,8.27,-0.4903,40,1936.95,11.4,0.0166,60.0
2026-08-27 13:55:00,77185.93,77200.0,1225.0,14.5,0.5036,140,696.95,8.12,-0.4962,0,1921.95,11.31,0.0074,-140.0
2026-08-27 14:00:00,77169.44,77200.0,1225.0,14.6,0.5016,0,696.95,8.03,-0.5001,0,1921.95,11.32,0.0015,0.0
2026-08-27 14:05:00,77150.84,77200.0,1211.85,14.56,0.4992,40,696.95,7.92,-0.5046,0,1908.8,11.24,-0.0054,-40.0
2026-08-27 14:10:00,77179.93,77200.0,1211.85,14.39,0.5027,0,696.95,8.09,-0.4976,0,1908.8,11.24,0.0051,0.0
2026-08-27 14:15:00,77216.47,77200.0,1269.25,14.85,0.5076,40,696.95,8.3,-0.4892,0,1966.2,11.58,0.0184,40.0
2026-08-27 14:20:00,77241.44,77200.0,1262.0,14.61,0.5107,80,696.95,8.44,-0.4837,0,1958.95,11.52,0.027,-13.0
2026-08-27 14:40:00,77200.25,77200.0,1233.25,14.52,0.5054,0,696.95,8.21,-0.4928,0,1930.2,11.36,0.0126,0.0
2026-08-27 14:45:00,77235.67,77200.0,1233.25,14.31,0.5099,0,696.95,8.41,-0.4849,0,1930.2,11.36,0.025,0.0
2026-08-27 14:50:00,77197.96,77200.0,1245.0,14.68,0.5052,140,696.95,8.2,-0.4934,0,1941.95,11.44,0.0118,140.0
2026-08-27 14:55:00,77245.54,77200.0,1245.0,14.39,0.5112,0,696.95,8.47,-0.4828,0,1941.95,11.43,0.0284,0.0
2026-08-27 15:00:00,77213.18,77200.0,1245.0,14.59,0.5071,0,548.05,6.53,-0.4901,20,1793.05,10.56,0.017,20.0
2026-08-27 15:05:00,77208.08,77200.0,1245.0,14.62,0.5065,0,548.05,6.5,-0.4915,20,1793.05,10.56,0.015,0.0
2026-08-27 15:10:00,77181.61,77200.0,1245.0,14.78,0.5032,0,548.05,6.35,-0.4993,0,1793.05,10.56,0.0039,0.0
2026-08-27 15:15:00,77182.91,77200.0,1245.0,14.77,0.5034,0,548.05,6.36,-0.4989,20,1793.05,10.56,0.0045,0.0
2026-08-27 15:20:00,77182.91,77200.0,1212.0,14.38,0.5031,60,548.05,6.36,-0.4989,20,1760.05,10.37,0.0042,-44.0
2026-08-28 09:20:00,77162.74,77200.0,1167.1,14.16,0.5002,40,560.45,6.47,-0.5048,1500,1727.55,10.32,-0.0046,1495.0
2026-08-28 09:25:00,77232.15,77200.0,1240.7,14.62,0.5096,60,529.1,6.51,-0.4847,720,1769.8,10.56,0.0249,551.0
2026-08-28 09:30:00,77227.55,77200.0,1250.0,14.76,0.509,40,532.3,6.52,-0.486,40,1782.3,10.64,0.023,21.0
2026-08-28 09:35:00,77211.13,77200.0,1250.0,14.86,0.507,0,524.0,6.32,-0.4907,20,1774.0,10.59,0.0163,20.0
2026-08-28 09:45:00,77215.73,77200.0,1250.0,14.84,0.5075,0,524.0,6.35,-0.4894,0,1774.0,10.6,0.0181,0.0
2026-08-28 09:50:00,77242.93,77200.0,1250.0,14.67,0.5109,80,533.1,6.62,-0.4817,40,1783.1,10.64,0.0292,-40.0
2026-08-28 10:00:00,77228.34,77200.0,1250.0,14.76,0.5091,0,517.65,6.35,-0.4856,60,1767.65,10.56,0.0235,60.0
2026-08-28 10:50:00,77249.03,77200.0,1299.9,15.24,0.5118,0,491.15,6.16,-0.4792,0,1791.05,10.7,0.0326,0.0
2026-08-28 11:05:00,77201.85,77200.0,1294.35,15.47,0.5061,20,491.15,5.88,-0.4937,0,1785.5,10.68,0.0124,-20.0
2026-08-28 11:15:00,77222.89,77200.0,1220.0,14.45,0.5083,120,491.15,6.01,-0.4871,0,1711.15,10.23,0.0212,-112.0
2026-08-28 11:20:00,77189.46,77200.0,1194.2,14.35,0.5039,520,527.7,6.25,-0.4973,100,1721.9,10.3,0.0066,-603.0
2026-08-28 14:50:00,77181.42,77200.0,1170.0,14.14,0.5027,20,540.1,6.37,-0.4996,160,1710.1,10.26,0.0031,160.0
2026-08-28 14:55:00,77157.71,77200.0,1188.0,14.5,0.4998,20,545.55,6.29,-0.5068,120,1733.55,10.4,-0.007,-78.0
2026-08-28 15:10:00,77194.59,77200.0,1182.05,14.21,0.5045,80,534.15,6.38,-0.4957,40,1716.2,10.3,0.0088,80.0
2026-08-28 15:15:00,77194.59,77200.0,1187.5,14.28,0.5045,40,534.15,6.38,-0.4957,0,1721.65,10.33,0.0088,40.0
2026-08-28 15:20:00,77194.59,77200.0,1187.5,14.28,0.5045,0,500.0,5.97,-0.496,40,1687.5,10.12,0.0085,40.0
2026-09-01 11:15:00,77166.65,77200.0,1018.3,13.39,0.4995,20,556.35,6.98,-0.5041,140,1574.65,10.18,-0.0046,160.0
2026-09-01 11:20:00,77179.23,77200.0,1046.45,13.68,0.5016,200,569.95,7.24,-0.5001,240,1616.4,10.46,0.0015,-40.0
2026-09-01 11:25:00,77198.66,77200.0,1007.85,13.05,0.5042,220,550.0,7.11,-0.4947,240,1557.85,10.08,0.0095,8.0
2026-09-01 11:30:00,77190.28,77200.0,1062.9,13.82,0.5033,40,551.05,7.07,-0.4971,20,1613.95,10.44,0.0062,20.0
2026-09-01 11:35:00,77156.25,77200.0,1011.75,13.38,0.4979,80,551.05,6.85,-0.5075,0,1562.8,10.12,-0.0096,-80.0
2026-09-01 11:40:00,77169.23,77200.0,1011.75,13.3,0.4998,0,557.8,7.02,-0.5033,40,1569.55,10.16,-0.0035,-13.0
2026-09-01 11:50:00,77172.29,77200.0,1011.75,13.28,0.5002,20,573.05,7.24,-0.5021,0,1584.8,10.26,-0.0019,0.0
2026-09-01 11:55:00,77175.01,77200.0,1047.3,13.72,0.501,40,564.8,7.15,-0.5014,800,1612.1,10.44,-0.0004,157.0
2026-09-01 12:00:00,77201.14,77200.0,1026.95,13.29,0.5047,20,557.05,7.22,-0.4939,1720,1584.0,10.26,0.0108,-317.0
2026-09-01 12:05:00,77221.94,77200.0,1026.95,13.16,0.5079,0,553.15,7.3,-0.4881,1220,1580.1,10.23,0.0198,-6.0
2026-09-01 12:10:00,77192.67,77200.0,1026.95,13.35,0.5034,0,563.65,7.25,-0.4963,220,1590.6,10.3,0.0071,-120.0
2026-09-01 12:15:00,77173.47,77200.0,1026.95,13.47,0.5006,0,564.5,7.14,-0.5019,560,1591.45,10.3,-0.0013,-17.0
2026-09-01 12:25:00,77170.38,77200.0,967.9,12.73,0.4995,160,570.15,7.19,-0.5027,40,1538.05,9.96,-0.0032,-197.0
2026-09-01 12:30:00,77158.51,77200.0,967.9,12.81,0.4976,0,566.6,7.07,-0.5063,20,1534.5,9.94,-0.0087,20.0
2026-09-01 12:35:00,77156.93,77200.0,967.9,12.82,0.4974,0,566.6,7.06,-0.5068,0,1534.5,9.94,-0.0094,0.0
2026-09-01 12:40:00,77175.78,77200.0,1019.9,13.37,0.5008,20,566.6,7.19,-0.5012,0,1586.5,10.28,-0.0004,20.0
2026-09-01 12:45:00,77158.4,77200.0,1019.9,13.49,0.4983,0,554.9,6.92,-0.5067,340,1574.8,10.2,-0.0084,151.0
2026-08-25 11:55:00,77337.57,77300.0,1258.5,14.06,0.51,20,674.65,7.86,-0.4842,0,1933.15,10.96,0.0258,0.0
2026-08-25 12:00:00,77343.34,77300.0,1258.5,14.03,0.5107,0,674.65,7.89,-0.4829,0,1933.15,10.96,0.0278,0.0
2026-08-25 12:05:00,77309.1,77300.0,1258.5,14.23,0.5065,0,674.65,7.71,-0.4907,0,1933.15,10.97,0.0158,0.0
2026-08-25 12:10:00,77317.05,77300.0,1258.5,14.18,0.5075,0,674.65,7.75,-0.4889,0,1933.15,10.96,0.0186,0.0
2026-08-25 12:15:00,77332.75,77300.0,1258.5,14.09,0.5094,0,674.65,7.84,-0.4853,0,1933.15,10.96,0.0241,0.0
2026-08-25 12:20:00,77304.62,77300.0,1258.5,14.26,0.5059,0,674.65,7.68,-0.4918,0,1933.15,10.97,0.0141,0.0
2026-08-25 12:25:00,77308.84,77300.0,1258.5,14.23,0.5064,0,674.65,7.71,-0.4908,0,1933.15,10.97,0.0156,0.0
2026-08-25 12:30:00,77307.69,77300.0,1258.5,14.24,0.5063,0,674.65,7.7,-0.4911,0,1933.15,10.97,0.0152,0.0
2026-08-25 12:35:00,77278.15,77300.0,1258.5,14.41,0.5027,0,619.4,6.91,-0.4989,60,1877.9,10.66,0.0038,60.0
2026-08-25 12:40:00,77267.45,77300.0,1258.5,14.47,0.5015,0,619.4,6.85,-0.5018,0,1877.9,10.66,-0.0003,0.0
2026-08-25 12:45:00,77267.21,77300.0,1258.5,14.48,0.5014,0,619.4,6.85,-0.5019,0,1877.9,10.66,-0.0005,0.0
2026-08-25 12:50:00,77262.45,77300.0,1258.5,14.5,0.5009,0,619.4,6.82,-0.5032,0,1877.9,10.66,-0.0023,0.0
2026-08-25 12:55:00,77267.4,77300.0,1258.5,14.48,0.5014,0,619.4,6.85,-0.5018,0,1877.9,10.66,-0.0004,0.0
2026-08-25 13:50:00,77301.97,77300.0,1258.5,14.29,0.5056,0,619.4,7.05,-0.4927,0,1877.9,10.67,0.0129,0.0
2026-08-25 14:15:00,77255.23,77300.0,1258.5,14.56,0.5,0,619.4,6.78,-0.5052,0,1877.9,10.67,-0.0052,0.0
2026-08-25 14:20:00,77257.55,77300.0,1258.5,14.55,0.5003,0,619.4,6.8,-0.5045,0,1877.9,10.68,-0.0042,0.0
2026-08-25 14:25:00,77327.33,77300.0,1258.5,14.15,0.5087,0,580.0,6.74,-0.4861,20,1838.5,10.44,0.0226,20.0
2026-08-27 10:20:00,77332.4,77300.0,1272.95,14.73,0.5096,0,477.0,5.78,-0.4839,0,1749.95,10.26,0.0257,0.0
2026-08-27 10:25:00,77335.89,77300.0,1272.95,14.71,0.51,0,477.0,5.8,-0.4828,0,1749.95,10.26,0.0272,0.0
2026-08-27 10:35:00,77334.94,77300.0,1272.95,14.72,0.5099,0,477.0,5.79,-0.4831,0,1749.95,10.26,0.0268,0.0
2026-08-27 10:40:00,77304.67,77300.0,1272.95,14.9,0.5062,0,477.0,5.62,-0.4928,0,1749.95,10.26,0.0134,0.0
2026-08-27 10:45:00,77321.24,77300.0,1272.95,14.8,0.5082,0,477.0,5.72,-0.4874,0,1749.95,10.26,0.0208,0.0
2026-08-27 10:50:00,77285.89,77300.0,1272.95,15.01,0.5039,0,477.0,5.51,-0.4991,0,1749.95,10.26,0.0048,0.0
2026-08-27 10:55:00,77272.87,77300.0,1272.95,15.09,0.5024,0,477.0,5.44,-0.5036,0,1749.95,10.26,-0.0012,0.0
2026-08-27 11:00:00,77287.52,77300.0,1272.95,15.01,0.5041,0,477.0,5.52,-0.4985,0,1749.95,10.26,0.0056,0.0
2026-08-27 11:05:00,77277.96,77300.0,1157.05,13.7,0.502,20,477.0,5.47,-0.5018,0,1634.05,9.58,0.0002,-20.0
2026-08-27 11:10:00,77257.72,77300.0,1157.05,13.82,0.4994,0,477.0,5.35,-0.5091,0,1634.05,9.59,-0.0097,0.0
2026-08-27 11:30:00,77257.53,77300.0,1157.0,13.83,0.4993,0,477.0,5.35,-0.5091,0,1634.0,9.59,-0.0098,0.0
2026-08-27 11:35:00,77251.57,77300.0,1157.0,13.86,0.4986,0,477.0,5.31,-0.5113,0,1634.0,9.58,-0.0127,0.0
2026-08-27 11:55:00,77258.84,77300.0,1160.0,13.86,0.4995,0,477.0,5.36,-0.5087,0,1637.0,9.61,-0.0092,0.0
2026-08-27 12:10:00,77256.52,77300.0,1196.9,14.31,0.4997,0,477.0,5.34,-0.5095,0,1673.9,9.82,-0.0098,0.0
2026-08-27 12:25:00,77252.95,77300.0,1196.9,14.33,0.4992,0,477.0,5.32,-0.5108,0,1673.9,9.82,-0.0116,0.0
2026-08-27 12:30:00,77250.8,77300.0,1196.85,14.34,0.499,20,477.0,5.31,-0.5116,0,1673.85,9.82,-0.0126,-20.0
2026-08-27 12:35:00,77310.62,77300.0,1196.9,13.99,0.5065,100,477.0,5.66,-0.4908,0,1673.9,9.82,0.0157,100.0
2026-08-27 12:40:00,77304.22,77300.0,1196.9,14.03,0.5057,0,477.0,5.63,-0.4929,0,1673.9,9.83,0.0128,0.0
2026-08-27 12:45:00,77316.99,77300.0,1196.9,13.96,0.5073,20,477.0,5.7,-0.4888,0,1673.9,9.83,0.0185,0.0
2026-08-27 12:55:00,77348.2,77300.0,1196.9,13.77,0.5115,0,477.0,5.88,-0.479,0,1673.9,9.82,0.0325,0.0
2026-08-27 13:05:00,77347.9,77300.0,1196.9,13.78,0.5114,0,477.0,5.88,-0.4791,0,1673.9,9.83,0.0323,0.0
2026-08-27 13:30:00,77334.86,77300.0,1196.9,13.86,0.5097,0,477.0,5.81,-0.4831,0,1673.9,9.83,0.0266,0.0
2026-08-27 13:35:00,77347.59,77300.0,1196.9,13.78,0.5114,0,477.0,5.88,-0.4792,0,1673.9,9.83,0.0322,0.0
2026-08-27 13:40:00,77297.02,77300.0,1196.9,14.09,0.5048,0,477.0,5.59,-0.4953,0,1673.9,9.84,0.0095,0.0
2026-08-27 14:25:00,77261.16,77300.0,1182.0,14.13,0.5001,0,477.0,5.38,-0.5078,0,1659.0,9.76,-0.0077,0.0
2026-08-27 14:30:00,77257.32,77300.0,1210.0,14.48,0.4999,40,527.0,5.95,-0.5074,20,1737.0,10.22,-0.0075,0.0
2026-08-27 14:35:00,77254.82,77300.0,1210.0,14.5,0.4996,0,527.0,5.93,-0.5083,0,1737.0,10.22,-0.0087,0.0
2026-08-28 09:40:00,77267.64,77300.0,1195.05,14.45,0.5011,40,554.1,6.42,-0.5035,600,1749.15,10.43,-0.0024,485.0
2026-08-28 09:55:00,77258.25,77300.0,1195.05,14.51,0.4999,0,554.15,6.36,-0.5064,40,1749.2,10.44,-0.0065,-4.0
2026-08-28 10:05:00,77252.43,77300.0,1200.0,14.61,0.4993,20,563.55,6.44,-0.5079,40,1763.55,10.52,-0.0086,-44.0
2026-08-28 10:10:00,77286.69,77300.0,1206.05,14.47,0.5036,20,540.0,6.37,-0.498,20,1746.05,10.42,0.0056,40.0
2026-08-28 10:15:00,77291.98,77300.0,1216.3,14.57,0.5043,200,540.0,6.4,-0.4964,0,1756.3,10.48,0.0079,75.0
2026-08-28 10:20:00,77299.64,77300.0,1215.0,14.5,0.5053,80,540.0,6.44,-0.4941,0,1755.0,10.47,0.0112,-11.0
2026-08-28 10:25:00,77299.24,77300.0,1212.15,14.47,0.5052,60,530.0,6.32,-0.4943,220,1742.15,10.4,0.0109,216.0
2026-08-28 10:30:00,77277.19,77300.0,1197.55,14.43,0.5023,80,530.0,6.19,-0.5011,0,1727.55,10.31,0.0012,-80.0
2026-08-28 10:35:00,77267.65,77300.0,1197.55,14.49,0.5011,0,530.0,6.13,-0.5041,0,1727.55,10.31,-0.003,0.0
2026-08-28 10:40:00,77250.09,77300.0,1197.55,14.6,0.499,0,530.0,6.03,-0.5098,0,1727.55,10.32,-0.0108,0.0
2026-08-28 10:45:00,77273.9,77300.0,1197.55,14.46,0.5019,0,530.0,6.17,-0.5021,0,1727.55,10.32,-0.0002,0.0
2026-08-28 10:55:00,77252.38,77300.0,1176.0,14.33,0.499,20,530.0,6.04,-0.509,0,1706.0,10.18,-0.01,-20.0
2026-08-28 11:00:00,77254.84,77300.0,1176.0,14.31,0.4993,0,530.0,6.06,-0.5082,0,1706.0,10.18,-0.0089,0.0
2026-08-28 11:10:00,77250.31,77300.0,1176.0,14.34,0.4987,0,545.0,6.21,-0.5092,20,1721.0,10.28,-0.0105,-20.0
2026-08-28 15:25:00,77264.51,77300.0,1122.0,13.66,0.5,0,538.8,6.24,-0.5049,20,1660.8,9.95,-0.0049,-20.0
2026-08-25 14:30:00,77381.56,77400.0,1131.0,12.94,0.5021,0,645.0,7.22,-0.4977,0,1776.0,10.08,0.0044,0.0
2026-08-25 14:35:00,77377.09,77400.0,1131.0,12.97,0.5015,0,645.0,7.19,-0.4988,0,1776.0,10.08,0.0027,0.0
2026-08-25 14:40:00,77399.46,77400.0,1131.0,12.84,0.5045,0,645.0,7.32,-0.4932,0,1776.0,10.08,0.0113,0.0
2026-08-27 12:50:00,77361.65,77400.0,1163.75,13.88,0.4999,0,581.15,6.59,-0.5045,0,1744.9,10.24,-0.0046,0.0
2026-08-27 13:00:00,77350.44,77400.0,1184.1,14.18,0.4988,60,581.15,6.53,-0.5079,0,1765.25,10.36,-0.0091,60.0
2026-08-27 13:10:00,77380.11,77400.0,1184.1,14.01,0.5025,0,581.15,6.7,-0.4992,0,1765.25,10.36,0.0033,0.0
2026-08-27 13:15:00,77360.65,77400.0,1184.1,14.13,0.5,0,581.15,6.59,-0.5048,0,1765.25,10.36,-0.0048,0.0
2026-08-27 13:20:00,77385.45,77400.0,1184.1,13.98,0.5032,0,581.15,6.74,-0.4977,0,1765.25,10.36,0.0055,0.0
2026-08-27 13:25:00,77353.81,77400.0,1184.1,14.17,0.4992,0,581.15,6.55,-0.5068,0,1765.25,10.36,-0.0076,0.0
2026-08-12 11:55:00,77546.34,77500.0,1710.0,15.99,0.5112,0,788.05,7.69,-0.4818,0,2498.05,11.84,0.0294,0.0
2026-08-12 12:00:00,77528.75,77500.0,1710.0,16.08,0.5096,0,788.05,7.61,-0.4852,0,2498.05,11.84,0.0244,0.0
2026-08-12 12:05:00,77529.27,77500.0,1710.0,16.08,0.5097,0,788.05,7.61,-0.4851,0,2498.05,11.84,0.0246,0.0
2026-08-12 12:10:00,77500.49,77500.0,1710.0,16.22,0.5071,0,788.05,7.48,-0.4908,0,2498.05,11.85,0.0163,0.0
2026-08-12 12:15:00,77533.13,77500.0,1710.0,16.06,0.51,0,821.5,7.94,-0.4844,40,2531.5,12.0,0.0256,-40.0
2026-08-12 12:20:00,77525.81,77500.0,1651.3,15.54,0.5091,20,821.5,7.91,-0.4858,0,2472.8,11.72,0.0233,-20.0
2026-08-12 12:25:00,77549.66,77500.0,1629.95,15.22,0.5112,20,821.5,8.02,-0.4814,0,2451.45,11.62,0.0298,-20.0
2026-08-12 12:50:00,77548.4,77500.0,1629.95,15.23,0.5111,0,821.5,8.02,-0.4816,0,2451.45,11.62,0.0295,0.0
2026-08-12 12:55:00,77546.87,77500.0,1629.95,15.24,0.511,0,821.5,8.01,-0.4819,0,2451.45,11.62,0.0291,0.0
2026-08-17 10:35:00,77544.29,77500.0,1463.0,14.5,0.5106,20,746.7,7.73,-0.4825,0,2209.7,11.12,0.0281,0.0
2026-08-17 10:40:00,77508.16,77500.0,1473.35,14.79,0.5068,180,753.05,7.62,-0.4899,60,2226.4,11.2,0.0169,35.0
2026-08-17 10:45:00,77509.82,77500.0,1431.25,14.36,0.5068,60,753.05,7.63,-0.4896,0,2184.3,11.0,0.0172,-60.0
2026-08-17 10:50:00,77517.28,77500.0,1451.25,14.53,0.5077,100,750.6,7.64,-0.488,20,2201.85,11.08,0.0197,120.0
2026-08-17 10:55:00,77509.36,77500.0,1451.25,14.57,0.5068,80,755.15,7.65,-0.4896,80,2206.4,11.11,0.0172,-10.0
2026-08-17 11:00:00,77511.95,77500.0,1443.3,14.47,0.5071,80,773.3,7.85,-0.489,60,2216.6,11.16,0.0181,-124.0
2026-08-17 11:05:00,77493.29,77500.0,1443.3,14.57,0.5051,20,773.3,7.75,-0.4929,0,2216.6,11.16,0.0122,0.0
2026-08-17 11:10:00,77486.25,77500.0,1445.75,14.63,0.5044,20,769.75,7.68,-0.4944,20,2215.5,11.16,0.01,40.0
2026-08-17 11:15:00,77483.87,77500.0,1435.0,14.54,0.504,20,769.75,7.67,-0.4949,0,2204.75,11.1,0.0091,-20.0
2026-08-17 11:20:00,77458.94,77500.0,1435.0,14.66,0.5014,180,769.75,7.55,-0.5002,0,2204.75,11.1,0.0012,0.0
2026-08-17 11:25:00,77492.12,77500.0,1471.35,14.86,0.5052,40,769.75,7.71,-0.4932,0,2241.1,11.28,0.012,40.0
2026-08-17 11:30:00,77495.0,77500.0,1453.9,14.67,0.5053,20,769.75,7.73,-0.4926,0,2223.65,11.2,0.0127,-20.0
2026-08-17 11:35:00,77490.11,77500.0,1460.0,14.76,0.5049,60,760.0,7.61,-0.4937,60,2220.0,11.18,0.0112,102.0
2026-08-17 11:40:00,77503.5,77500.0,1460.0,14.69,0.5063,0,765.0,7.72,-0.4908,100,2225.0,11.2,0.0155,-100.0
2026-08-18 09:20:00,77501.57,77500.0,1350.0,13.75,0.5055,320,762.65,7.78,-0.4913,100,2112.65,10.76,0.0142,121.0
2026-08-18 09:25:00,77505.62,77500.0,1371.7,13.96,0.506,460,750.25,7.68,-0.4905,60,2121.95,10.82,0.0155,216.0
2026-08-18 09:30:00,77460.37,77500.0,1350.0,13.97,0.5009,440,780.0,7.75,-0.4998,100,2130.0,10.86,0.0011,-492.0
2026-08-18 09:35:00,77512.27,77500.0,1355.35,13.76,0.5067,160,756.0,7.77,-0.4891,60,2111.35,10.76,0.0176,89.0
2026-08-18 09:45:00,77451.92,77500.0,1331.25,13.82,0.4997,140,790.0,7.81,-0.5015,20,2121.25,10.82,-0.0018,-160.0
2026-08-18 09:50:00,77464.4,77500.0,1370.0,14.15,0.5015,140,786.0,7.83,-0.4989,60,2156.0,10.99,0.0026,153.0
2026-08-18 09:55:00,77452.3,77500.0,1340.75,13.92,0.4999,100,800.25,7.92,-0.5012,20,2141.0,10.92,-0.0013,-120.0
2026-08-18 10:30:00,77457.52,77500.0,1341.8,13.91,0.5005,20,808.3,8.03,-0.5,0,2150.1,10.97,0.0005,20.0
2026-08-20 09:35:00,77450.18,77500.0,1265.5,13.52,0.499,80,680.0,6.86,-0.5045,280,1945.5,10.19,-0.0055,320.0
2026-08-20 09:40:00,77480.26,77500.0,1265.5,13.36,0.5025,0,673.75,6.96,-0.4971,140,1939.25,10.16,0.0054,140.0
2026-08-20 09:45:00,77470.53,77500.0,1265.5,13.42,0.5014,0,684.25,7.02,-0.4993,20,1949.75,10.22,0.0021,-20.0
2026-08-20 09:50:00,77452.83,77500.0,1265.5,13.51,0.4993,20,674.0,6.82,-0.504,120,1939.5,10.16,-0.0047,120.0
2026-08-20 09:55:00,77452.34,77500.0,1270.25,13.56,0.4993,40,660.0,6.67,-0.5044,180,1930.25,10.12,-0.0051,193.0
2026-08-20 10:05:00,77480.4,77500.0,1265.0,13.36,0.5026,60,662.95,6.85,-0.4973,0,1927.95,10.1,0.0053,-60.0
2026-08-20 10:10:00,77492.38,77500.0,1265.0,13.3,0.504,60,667.8,6.96,-0.4943,140,1932.8,10.13,0.0097,-40.0
2026-08-20 10:15:00,77492.81,77500.0,1265.0,13.3,0.504,20,650.0,6.78,-0.4943,280,1915.0,10.04,0.0097,180.0
2026-08-20 10:20:00,77493.01,77500.0,1265.0,13.3,0.5041,0,648.3,6.76,-0.4943,60,1913.3,10.03,0.0098,4.0
2026-08-20 11:00:00,77451.14,77500.0,1228.4,13.14,0.4987,0,666.7,6.73,-0.5046,20,1895.1,9.94,-0.0059,-20.0
2026-08-20 12:10:00,77450.32,77500.0,1240.0,13.27,0.4988,20,660.3,6.67,-0.5049,20,1900.3,9.97,-0.0061,-20.0
2026-08-20 12:40:00,77459.04,77500.0,1240.0,13.23,0.4998,0,635.0,6.45,-0.5033,60,1875.0,9.84,-0.0035,60.0
2026-08-20 12:45:00,77539.28,77500.0,1320.0,13.65,0.5099,800,610.0,6.6,-0.4829,240,1930.0,10.12,0.027,1040.0
2026-08-20 13:55:00,77517.17,77500.0,1340.0,13.98,0.5074,0,593.8,6.33,-0.4884,0,1933.8,10.16,0.019,0.0
2026-08-20 14:00:00,77536.97,77500.0,1340.0,13.88,0.5097,0,593.8,6.43,-0.4833,0,1933.8,10.16,0.0264,0.0
2026-08-20 14:05:00,77549.38,77500.0,1340.0,13.81,0.5111,0,593.8,6.49,-0.4802,0,1933.8,10.15,0.0309,0.0
2026-08-20 15:05:00,77476.59,77500.0,1309.85,13.89,0.5025,120,615.0,6.34,-0.499,220,1924.85,10.12,0.0035,100.0
2026-08-20 15:10:00,77488.19,77500.0,1308.5,13.82,0.5038,40,625.6,6.51,-0.4958,260,1934.1,10.16,0.008,-282.0
2026-08-20 15:15:00,77485.29,77500.0,1318.05,13.93,0.5036,80,600.05,6.23,-0.4968,40,1918.1,10.08,0.0068,120.0
2026-08-20 15:20:00,77485.29,77500.0,1314.1,13.89,0.5036,100,610.3,6.34,-0.4967,160,1924.4,10.12,0.0069,-47.0
2026-08-20 15:25:00,77537.72,77500.0,1305.0,13.52,0.5097,60,626.75,6.78,-0.4834,20,1931.75,10.15,0.0263,-80.0
2026-08-21 09:15:00,77540.53,77500.0,1265.9,13.23,0.51,140,627.75,6.88,-0.4828,300,1893.65,10.06,0.0272,-138.0
2026-08-21 09:20:00,77481.72,77500.0,1250.55,13.39,0.5027,80,655.0,6.86,-0.4971,680,1905.55,10.12,0.0056,-542.0
2026-08-21 09:25:00,77511.92,77500.0,1240.0,13.11,0.5063,240,650.0,6.97,-0.4898,600,1890.0,10.04,0.0165,-90.0
2026-08-21 09:30:00,77451.78,77500.0,1222.75,13.25,0.4988,20,680.0,6.97,-0.5042,140,1902.75,10.11,-0.0054,-160.0
2026-08-21 09:35:00,77490.64,77500.0,1221.25,13.03,0.5036,120,671.35,7.08,-0.4947,80,1892.6,10.06,0.0089,25.0
2026-08-21 10:05:00,77533.8,77500.0,1221.25,12.8,0.509,0,632.3,6.9,-0.4845,40,1853.55,9.85,0.0245,-28.0
2026-08-21 10:15:00,77546.83,77500.0,1287.1,13.43,0.5108,40,638.3,7.03,-0.4815,20,1925.4,10.23,0.0293,20.0
2026-08-21 12:40:00,77539.45,77500.0,1269.55,13.3,0.5099,20,636.0,6.98,-0.4832,100,1905.55,10.14,0.0267,-120.0
2026-08-21 12:45:00,77539.68,77500.0,1270.95,13.32,0.5099,40,632.55,6.94,-0.4831,380,1903.5,10.13,0.0268,119.0
2026-08-21 12:50:00,77545.85,77500.0,1270.95,13.28,0.5107,0,646.8,7.12,-0.4818,320,1917.75,10.2,0.0289,-320.0
2026-08-21 12:55:00,77541.52,77500.0,1270.95,13.31,0.5101,0,646.8,7.1,-0.4828,0,1917.75,10.2,0.0273,0.0
2026-08-21 13:35:00,77538.91,77500.0,1259.2,13.2,0.5098,180,631.25,6.93,-0.4833,220,1890.45,10.06,0.0265,-305.0
2026-08-21 13:40:00,77546.0,77500.0,1265.0,13.23,0.5107,20,630.0,6.95,-0.4816,60,1895.0,10.09,0.0291,54.0
2026-08-21 13:45:00,77530.9,77500.0,1263.45,13.29,0.5088,20,639.55,6.97,-0.4852,40,1903.0,10.13,0.0236,-57.0
2026-08-21 13:50:00,77542.72,77500.0,1263.45,13.23,0.5103,0,628.85,6.92,-0.4823,600,1892.3,10.07,0.028,600.0
2026-08-21 13:55:00,77548.44,77500.0,1263.75,13.2,0.511,20,625.5,6.91,-0.481,20,1889.25,10.06,0.03,40.0
2026-08-21 14:00:00,77530.47,77500.0,1263.75,13.3,0.5087,0,625.5,6.82,-0.4853,0,1889.25,10.06,0.0234,0.0
2026-08-21 14:05:00,77506.99,77500.0,1250.0,13.28,0.5058,60,629.2,6.74,-0.491,20,1879.2,10.01,0.0148,-80.0
2026-08-21 14:10:00,77529.84,77500.0,1256.65,13.23,0.5086,120,631.95,6.89,-0.4854,120,1888.6,10.06,0.0232,42.0
2026-08-21 14:15:00,77544.65,77500.0,1271.5,13.31,0.5105,240,619.25,6.83,-0.4818,240,1890.75,10.07,0.0287,432.0
2026-08-21 14:30:00,77548.25,77500.0,1275.0,13.33,0.511,100,614.35,6.8,-0.4809,40,1889.35,10.06,0.0301,-35.0
2026-08-21 14:35:00,77538.24,77500.0,1282.2,13.46,0.5098,20,614.35,6.75,-0.4833,0,1896.55,10.1,0.0265,20.0
2026-08-21 14:40:00,77536.92,77500.0,1272.7,13.37,0.5096,80,620.4,6.8,-0.4837,80,1893.1,10.08,0.0259,-134.0
2026-08-21 14:45:00,77549.49,77500.0,1287.35,13.45,0.5112,40,620.4,6.87,-0.4806,40,1907.75,10.16,0.0306,32.0
2026-08-21 14:50:00,77548.85,77500.0,1287.35,13.46,0.5111,0,620.4,6.87,-0.4808,0,1907.75,10.17,0.0303,0.0
2026-08-21 14:55:00,77534.16,77500.0,1287.35,13.54,0.5093,0,625.8,6.85,-0.4844,40,1913.15,10.2,0.0249,-40.0
2026-08-21 15:00:00,77538.88,77500.0,1275.05,13.38,0.5098,100,617.35,6.78,-0.4832,120,1892.4,10.08,0.0266,17.0
2026-08-21 15:05:00,77527.92,77500.0,1265.75,13.34,0.5084,20,622.4,6.78,-0.4859,20,1888.15,10.06,0.0225,-40.0
2026-08-21 15:10:00,77518.89,77500.0,1265.0,13.39,0.5073,120,625.0,6.76,-0.4881,200,1890.0,10.07,0.0192,-320.0
2026-08-21 15:15:00,77522.47,77500.0,1265.0,13.37,0.5078,0,625.0,6.78,-0.4872,0,1890.0,10.07,0.0206,0.0
2026-08-21 15:20:00,77522.47,77500.0,1264.0,13.36,0.5078,20,625.0,6.78,-0.4872,40,1889.0,10.07,0.0206,-20.0
2026-08-21 15:25:00,77540.83,77500.0,1264.0,13.26,0.51,0,625.0,6.88,-0.4828,0,1889.0,10.07,0.0272,0.0
2026-08-24 10:55:00,77527.09,77500.0,1220.0,13.42,0.5084,240,626.35,7.12,-0.4863,40,1846.35,10.27,0.0221,-280.0
2026-08-24 11:00:00,77472.6,77500.0,1168.85,13.16,0.5011,80,657.9,7.17,-0.4997,240,1826.75,10.16,0.0014,-280.0
2026-08-25 14:45:00,77456.43,77500.0,1237.0,14.27,0.4999,380,559.55,6.1,-0.5065,180,1796.55,10.18,-0.0066,497.0
2026-08-25 14:50:00,77501.57,77500.0,1250.4,14.17,0.5055,1440,555.0,6.3,-0.4932,2900,1805.4,10.24,0.0123,875.0
2026-08-25 14:55:00,77539.74,77500.0,1271.05,14.19,0.5103,180,553.4,6.5,-0.4826,2640,1824.45,10.34,0.0277,605.0
2026-08-25 15:00:00,77545.11,77500.0,1268.55,14.13,0.511,360,556.05,6.55,-0.4812,860,1824.6,10.34,0.0298,-135.0
2026-08-25 15:05:00,77517.67,77500.0,1259.95,14.19,0.5075,140,560.95,6.46,-0.4887,400,1820.9,10.32,0.0188,-241.0
2026-08-25 15:10:00,77526.75,77500.0,1289.7,14.47,0.5088,540,544.0,6.32,-0.4861,1860,1833.7,10.4,0.0227,2383.0
2026-08-25 15:15:00,77529.94,77500.0,1278.0,14.32,0.5091,220,540.2,6.29,-0.4852,860,1818.2,10.3,0.0239,238.0
2026-08-25 15:20:00,77529.94,77500.0,1280.2,14.35,0.5091,420,526.4,6.14,-0.485,1560,1806.6,10.24,0.0241,890.0
2026-08-26 15:25:00,77472.94,77500.0,1247.15,14.54,0.5021,180,507.2,5.7,-0.5028,220,1754.35,10.12,-0.0007,-143.0
2026-08-27 09:20:00,77483.71,77500.0,1151.1,13.55,0.5027,500,559.4,6.44,-0.4985,640,1710.5,10.0,0.0042,-547.0
2026-08-27 09:45:00,77506.41,77500.0,1134.95,13.23,0.5056,20,549.3,6.46,-0.492,600,1684.25,9.85,0.0136,620.0
2026-08-27 09:50:00,77459.35,77500.0,1122.0,13.35,0.4992,140,549.3,6.18,-0.5061,0,1671.3,9.76,-0.0069,-83.0
